"Id",weight
"01001",2000.48032237643
"01003",2966.09090457821
"01005",562.312631226525
"01007",4180.22838859976
"01009",462.051839365998
"01011",1000.75568304675
"01013",189.383445522354
"01015",3570.52884090589
"01017",343.350246233016
"01019",6004.09199393888
"01021",423.576792703167
"01023",1185.76854945743
"01025",723.51879308546
"01027",183.226746622457
"01029",1086.93859014722
"01031",1086.45595821953
"01033",1676.79080322275
"01035",1190.22921383366
"01037",253.542325799546
"01039",52.0155306462509
"01041",1409.73824322449
"01043",893.310668575513
"01045",4244.80285064317
"01047",195.850443217708
"01049",1058.65772819962
"01051",1886.09429213772
"01053",2303.44635841338
"01055",2377.78743933837
"01057",1664.22474493197
"01059",539.895396582344
"01061",2663.38839036531
"01063",4246.03290200531
"01065",7353.0721368517
"01067",2403.1215944962
"01069",19625.1184669501
"01071",470.360233282519
"01073",11678.5228128436
"01075",1481.72933360644
"01077",2950.26915573367
"01079",10310.200767486
"01081",819.765878148368
"01083",16867.6130397647
"01085",3676.25930109452
"01087",406.96450913511
"01089",2471.93724592332
"01091",5887.73545233704
"01093",2705.12810798916
"01095",3734.825253873
"01097",8504.30564014765
"01099",3181.60334416192
"01101",11303.0519183451
"01103",27635.1406357833
"01105",550.68626862703
"01107",901.546269381251
"01109",6290.43666342736
"01111",167.057643455667
"01113",564.928945877991
"01115",1284.1684354567
"01117",2699.72076757257
"01119",2895.96374428037
"01121",1931.46408179121
"01123",106.814511732177
"01125",27190.2476103733
"01127",1330.75984632714
"01129",460.100310335709
"01131",537.17231417973
"01133",436.308567273487
"04001",0.0543383996270268
"04003",1.99776170788549
"04005",42.5331705928389
"04007",36809.4923283008
"04009",4850.20420899998
"04012",19.9073976473064
"04013",1804.1699231364
"04015",44.6923770279939
"04017",0.126723929967351
"04019",615.479131615689
"04021",4851.6321138362
"04023",18.5645559861693
"04025",125.488839594179
"04027",3.99207452080996
"05001",357.591041552173
"05003",1160.03841025264
"05005",371.120674033823
"05007",20028.6348943882
"05009",2.55254981209339
"05011",311.868264556707
"05013",830.330788271406
"05015",9618.40706873961
"05017",73.4984474638576
"05019",888.874560343708
"05021",121.821232439802
"05023",113.536074232948
"05025",350.382060793838
"05027",2084.27951482379
"05029",993.751934212839
"05031",114.318069295768
"05033",299.439707972767
"05035",5044.06656491438
"05037",927.1971910997
"05039",589.160253488525
"05041",3701.61214452289
"05043",655.840840243202
"05045",4038.17040166625
"05047",699.638753851439
"05049",39.8571968487801
"05051",30433.3394167217
"05053",9678.03739055926
"05055",31.2260158986525
"05057",363.600126529197
"05059",11719.9558529456
"05061",566.11161127682
"05063",245.973446258625
"05065",37.6540589615477
"05067",138.92917377432
"05069",1563.69100898789
"05071",1914.39191175898
"05073",166.991271194402
"05075",29.1223481581604
"05077",95.7434604906068
"05079",737.162709966299
"05081",1773.04539758077
"05083",306.58148178938
"05085",1613.91652106911
"05087",1976.67321861269
"05089",58.9027579606911
"05091",251.972949497738
"05093",835.455132109208
"05095",520.519616607359
"05097",746.595129474661
"05099",161.779419797558
"05101",100.142413436266
"05103",1063.04470436722
"05105",1163.4511852477
"05107",12.5828664747222
"05109",336.944076738466
"05111",1089.92084705387
"05113",371.772240534969
"05115",770.855918476122
"05117",5431.81178055568
"05119",4712.88414464832
"05121",6.54321414755769
"05123",364.898355021867
"05125",6099.62364415979
"05127",12.903515504864
"05129",8.16622002002842
"05131",227.672732903497
"05133",408.448387067576
"05135",48.3584598411064
"05137",23.6716687149045
"05139",14204.8607064324
"05141",161.210360980542
"05143",10344.8048757334
"05145",586.633474176815
"05147",296.674835206748
"05149",187.818870976698
"06001",6172.68067428225
"06003",2.36954039437883
"06005",764.187991287745
"06007",496.563189929014
"06009",233.969090526042
"06011",273.558451724022
"06013",1725.96127234352
"06015",22.9297661310128
"06017",207.586210573308
"06019",83.8759469473073
"06021",1667.93197921897
"06023",267.967052970599
"06025",48.8457264760355
"06027",76.9757804420044
"06029",23.7355573949454
"06031",2.80388704204046
"06033",56.292366022961
"06035",924.555770849014
"06037",2120.09786183367
"06039",237.639123505992
"06041",228.929879748674
"06043",39.0133459212741
"06045",323.047212492587
"06047",59.5212514472618
"06049",213.842331403986
"06051",0.0371537567810643
"06053",85.4133245436036
"06055",202.131674076794
"06057",2151.37526073871
"06059",59888.9046371695
"06061",1034.62543096459
"06063",1665.01208517038
"06065",6480.71574727703
"06067",466.831041675629
"06069",23.9939674505217
"06071",2941.7869173973
"06073",1449.14751227034
"06075",1725.82411998538
"06077",3036.89789650076
"06079",1.8234657235119
"06081",1972.62315431918
"06083",2.80660227288066
"06085",889.666452682586
"06087",164.412665433959
"06089",27.4794710473057
"06091",9562.84704153401
"06093",410.980161284583
"06095",641.572091197458
"06097",230.469733686294
"06099",286.433709209938
"06101",118.308439866103
"06103",62.2842426378293
"06105",10.4306976585483
"06107",4.43861662988108
"06109",15.9492621809963
"06111",161.475452447755
"06113",50.1461531505201
"06115",143.453149269004
"08001",1341.35232944236
"08003",0.0526239256112974
"08005",925.256674905401
"08011",0.0331135053707254
"08013",242.242018565856
"08014",1192.9946941445
"08019",48.7569470966184
"08021",0.0443179898727717
"08023",0.192065222701693
"08025",16.2094871592342
"08027",4.30942785817396
"08029",201.46158126387
"08031",2576.12090341994
"08035",210.48678695853
"08039",81.7531469215951
"08041",1650.63425309828
"08043",67.6179775578363
"08045",160.542510557375
"08047",121.305982162843
"08049",0.127231973848577
"08051",4.70665630472564
"08055",10.2400426959563
"08059",679.345735671824
"08061",0.0324128559631124
"08067",1.56288936736015
"08069",1.7429807329986
"08071",0.0392605429458869
"08073",0.628078559404786
"08075",2.96648228453797
"08077",2710.9784934531
"08085",32.3934827889629
"08089",10.2646842587489
"08091",8.75771852816791
"08093",22.5011202048253
"08099",0.16272368572693
"08101",132.469712846509
"08119",341.304467860745
"08123",93.9642499693239
"09001",7349.27625364642
"09003",90978.2689561045
"09005",14847.0771072581
"09007",21187.9329221403
"09009",27686.9871865384
"09011",2815.10559417209
"09013",26382.0971056077
"09015",3407.30701381445
"10001",2791.90630946812
"10003",5616.79405175993
"10005",6089.29369142492
"11001",98.3675119565175
"12001",1625.29104984083
"12003",8.21909026883851
"12005",1041.91515523436
"12007",262.50279999187
"12009",277.577028312873
"12011",639.300679702596
"12013",199.880571329867
"12015",46.5616633765305
"12017",1.81440911906655
"12019",637.115105692333
"12021",10.9733394116176
"12023",57.9557477219459
"12027",0.152959341134786
"12029",53.8637459619855
"12031",193.631305037209
"12033",960.011364772694
"12035",2483.00401670936
"12037",24.803363899986
"12039",67.9551137824333
"12041",266.084228047182
"12043",390.320192331209
"12045",242.008767035579
"12047",215.245302144219
"12049",99.4924545762871
"12051",388.820355963837
"12053",2.20703499578378
"12055",69.2710971902961
"12057",5702.53839734148
"12059",616.904936830297
"12061",0.436372332077679
"12063",2408.58381271192
"12065",104.702393145665
"12067",374.862266045475
"12069",111.636452338179
"12071",351.689058215724
"12073",7.3376649190716
"12075",66.0656063403871
"12077",191.756688770769
"12079",518.98312742268
"12081",1496.44699213535
"12083",268.970328372044
"12085",457.684312912173
"12086",693.401252269721
"12087",0.0136843940760622
"12089",776.49148536542
"12091",92.6732087322131
"12093",110.473039299501
"12095",805.174636762383
"12097",226.847235417025
"12099",754.288363438326
"12101",884.289190408324
"12103",3951.34282646758
"12105",1362.84082931198
"12107",6238.83070854157
"12109",511.046020296257
"12111",34.0486922156108
"12113",1847.44035651448
"12115",163.360590291645
"12117",337.102473089581
"12119",6.9585977562299
"12121",106.711274150817
"12123",1532.74624398599
"12125",101.479332378737
"12127",4894.24146580951
"12129",13.1583870693749
"12131",10.1528605977602
"12133",157.771665139182
"13001",312.522213387432
"13003",3454.25474194847
"13005",1356.36202539948
"13007",28.7561603778587
"13009",1954.94312786867
"13011",1577.54031908498
"13013",4701.21055608095
"13015",1581.8473436097
"13017",1385.46994993413
"13019",1956.34594840988
"13021",2069.2313671045
"13023",203.389169521949
"13025",195.818952867918
"13027",910.512322645936
"13029",572.570288537903
"13031",76.4984665947879
"13033",907.420727043511
"13035",615.07552667412
"13037",19.1560816684007
"13039",643.498363371727
"13043",2.39638088881481
"13045",11224.8677389897
"13047",6139.9791659795
"13049",9.1770402022592
"13051",755.746006856212
"13053",460.314770426605
"13055",1006.98259010573
"13057",5761.9515019705
"13059",46423.1283255455
"13061",58.0974668845891
"13063",1698.91865672803
"13065",413.090861686613
"13067",1978.28583956969
"13069",11337.0149899398
"13071",223.253019166465
"13073",2117.98103350979
"13075",1270.06000468539
"13077",3413.0708051468
"13079",510.095693359649
"13081",904.529628259369
"13083",2002.37081839663
"13085",2986.05307608377
"13087",65.6340303774414
"13089",7668.86668747997
"13091",14.953267440186
"13093",2430.52705077202
"13095",317.825466213093
"13097",2860.04048612133
"13099",789.874974588837
"13101",507.550478962779
"13103",562.397476286048
"13105",621.234952779217
"13107",3.18723705309298
"13109",48.057024809956
"13111",999.889419558457
"13113",1433.12343644093
"13115",847.205477822798
"13117",2701.97101038791
"13119",1408.08755337978
"13121",3672.60675590783
"13123",1007.45554393597
"13125",260.458282047777
"13127",1084.6449252752
"13129",1451.74757094695
"13131",1.9875230755314
"13133",498.439564824077
"13135",3916.90582488847
"13137",999.377590232205
"13139",1170.18855796276
"13141",195.328343272395
"13143",2415.66466973951
"13145",358.529747883067
"13147",937.509779059327
"13149",475.8679237907
"13151",1255.95449635696
"13153",660.819726308057
"13155",1721.22902988758
"13157",3462.79527676166
"13159",1634.03685618663
"13161",1324.62338662536
"13163",360.789051747718
"13165",41.5997857254415
"13167",7.50986659988618
"13169",691.730309467335
"13171",179.919612394277
"13173",1437.10083771487
"13175",25.6686076635645
"13177",313.201434280742
"13179",1488.27257955974
"13181",236.680868620588
"13183",2366.75598632546
"13185",4524.69558379657
"13187",862.347509087198
"13189",1349.43388216592
"13191",729.303463611334
"13193",390.95747413994
"13195",3625.70337037942
"13197",179.094999430872
"13199",111.565717520871
"13201",158.37599671125
"13205",41.4418679277282
"13207",574.180509565274
"13209",6.6543851184064
"13211",1461.87407648982
"13213",2743.49271459037
"13215",1531.24012935696
"13217",8168.07332751929
"13219",2874.45280699993
"13221",3442.78274959556
"13223",969.691103410432
"13225",399.674491550018
"13227",3106.24169142852
"13229",159.428391556184
"13231",59.718128548798
"13233",1046.25327832577
"13235",410.485032338811
"13237",575.792197768024
"13239",107.948804015936
"13241",286.515511370409
"13243",25.4556963198706
"13245",10293.0907099177
"13247",2501.19025544157
"13249",146.583255653858
"13251",212.734210129686
"13253",487.208820190018
"13255",319.022721432265
"13257",5696.50124340921
"13259",270.023193320815
"13261",492.596227451274
"13263",110.868466700425
"13265",162.515075680381
"13267",212.347827487243
"13269",76.9467097385295
"13271",488.06629962121
"13273",47.5405090263365
"13275",115.629636026056
"13277",250.285083742659
"13279",11.7355268802969
"13281",32.0563570104078
"13283",4.46342011240153
"13285",585.377107385675
"13287",256.23265355905
"13289",1446.58721649086
"13291",4.54182073116058
"13293",51.3684493399734
"13295",5244.45875722848
"13297",3992.29468236406
"13299",550.567842892146
"13301",641.096973568859
"13303",133.997321635596
"13305",2252.71617897497
"13307",96.0353259021065
"13309",4.87678525295241
"13311",392.26049318454
"13313",3615.44376696461
"13315",527.303167833836
"13317",280.884462724117
"13319",609.999054472087
"13321",192.187501237183
"16001",81.4493726082447
"16005",6272.86698989023
"16007",4794.76887642332
"16009",95.9850967738269
"16011",1364.07462844696
"16013",10.4053785809601
"16015",17.336725220278
"16017",79.6493578556147
"16019",792.961395159357
"16023",2.98493987128506
"16027",19.456536058298
"16029",17079.8078143884
"16031",2.09317134313611e-05
"16033",0.555393318147866
"16035",39.0039809564671
"16037",0.21424645171473
"16039",20.6567303399466
"16041",1488.83836741918
"16045",11.5410867697387
"16049",32.5143735238776
"16051",0.518643381596818
"16053",4.90709326479912e-06
"16055",358.914528758248
"16057",88.3675065733956
"16061",48.2478259463238
"16063",4.62027942830864e-06
"16067",1.40380300182983e-05
"16069",172.788367581176
"16071",69.2948508606044
"16073",1.22645761359631
"16075",4.53059552968337
"16077",9969.04695636276
"16079",0.811397072887962
"16083",4.70118740837411e-06
"16087",0.28326466062708
"17001",2177.73317851108
"17003",188.042232093875
"17005",205.108741671169
"17007",23192.4949532898
"17009",61.135567269975
"17011",880.286494721333
"17013",779.089435570555
"17015",1298.90768542279
"17017",4.20846665976547
"17019",1717.67826317588
"17021",499.985341918838
"17023",2292.74421592577
"17025",46.8489503333638
"17027",268.163979484027
"17029",3010.21343936466
"17031",40837.9887200512
"17033",1402.25438881044
"17035",316.066897548938
"17037",6494.83500006806
"17039",1215.23705015435
"17041",4072.4833907396
"17043",34720.6827099909
"17045",5893.11966761633
"17047",227.903079898889
"17049",25.6090865331506
"17051",64.5407166820455
"17053",738.42526389308
"17055",132.715217192085
"17057",752.307201625051
"17059",261.222032698236
"17061",132.904085276196
"17063",6295.37023791006
"17065",101.687832368716
"17067",691.483029272159
"17069",296.066723575021
"17071",817.515586592647
"17073",17141.9320432821
"17075",279.721586151361
"17077",18.1213837123135
"17079",158.402221065037
"17081",863.24279271078
"17083",2241.58580442568
"17085",486.796857143077
"17087",28.3465534309574
"17089",5141.36294132822
"17091",1569.54038567131
"17093",3876.81835438936
"17095",193.329981789126
"17097",7041.20609251733
"17099",10959.022804837
"17101",369.0500183314
"17103",2156.97155839273
"17105",1612.10713821757
"17107",715.701827288836
"17109",1846.17338152528
"17111",14221.7576086069
"17113",362.175606562204
"17115",6765.74516785327
"17117",533.369313604208
"17119",9697.53231653631
"17121",559.70541205089
"17123",2002.10203232922
"17125",655.970363982529
"17127",1355.69534857664
"17129",44.7195467476402
"17131",40909.9836212245
"17133",15212.4724807811
"17135",51.2718664194574
"17137",1.54242336957848
"17139",1584.54974361648
"17141",11420.8952800111
"17143",8947.82288932381
"17145",75.3364676255223
"17147",2221.67040474426
"17149",1016.70431662156
"17151",895.967452307759
"17153",151.614666972531
"17155",2390.49108601499
"17157",878.788473303514
"17159",140.608005224846
"17161",128715.974450373
"17163",7086.95977607587
"17165",24.7273910831162
"17167",533.329464615837
"17169",207.701230811879
"17171",63.4231103723586
"17173",281.423006462575
"17175",547.298288872145
"17177",5005.94737652002
"17179",7141.63231958024
"17181",48.270720633704
"17183",676.112839600616
"17185",685.781337559753
"17187",317.007897692643
"17189",129.624093594613
"17191",112.334166997743
"17193",317.902293831559
"17195",4993.87378328727
"17197",8454.85408057655
"17199",14.2228609023833
"17201",56298.4652813228
"17203",2816.97628231655
"18001",1605.61643167626
"18003",5770.93247219975
"18005",18975.7890700962
"18007",94.6714718424361
"18009",4110.90265006031
"18011",4165.95566314384
"18013",3416.77384766116
"18015",798.062916359332
"18017",712.04803693141
"18019",78140.428668213
"18021",1101.43969842809
"18023",3197.54514553099
"18025",8501.53995080756
"18027",255.501414590964
"18029",15442.4583695546
"18031",5649.7872928531
"18033",3092.17391758608
"18035",8066.29172868953
"18037",568.47118895965
"18039",11861.1845201343
"18041",5802.38490297759
"18043",484726.316721624
"18045",1233.74677075979
"18047",18083.0973390749
"18049",1140.84279700539
"18051",4925.72773677462
"18053",14943.1429151768
"18055",118.917995117026
"18057",11147.6001478835
"18059",6454.16399091627
"18061",82833.973313635
"18063",6465.32846100139
"18065",3557.70648152899
"18067",11638.2187454695
"18069",1659.97632047306
"18071",2481.94696452306
"18073",147.64046636927
"18075",3036.70133609314
"18077",13417.1747513428
"18079",4188.03825665889
"18081",15846.8373377914
"18083",400.998568820668
"18085",16082.0293038861
"18087",1498.44812656943
"18089",13415.812832172
"18091",19730.7278935779
"18093",431.885027356346
"18095",50211.6400306986
"18097",23612.2401766398
"18099",3019.50286743281
"18101",39.8425263249272
"18103",3233.52453277572
"18105",771.995540197716
"18107",1281.64603310394
"18109",4011.43409670245
"18111",105.507167919662
"18113",3347.20259438898
"18115",7220.90571282297
"18117",1055.42346189387
"18119",279.850866894076
"18121",1596.79593757677
"18123",2105.46044825234
"18125",1407.56371996524
"18127",11333.8661159184
"18129",2857.82667956642
"18131",46.0823485702727
"18133",1070.27805273648
"18135",1372.90515439209
"18137",16072.4014933993
"18139",3004.93490659045
"18141",5423.5029337387
"18143",9358.7002340252
"18145",8112.20153991872
"18147",6906.46786399689
"18149",1040.335722111
"18151",2980.36088642641
"18153",818.38699293278
"18155",5229.24915555915
"18157",1361.92129095762
"18159",20163.1340464746
"18161",6160.87167929128
"18163",17227.1893943936
"18165",2209.80849816339
"18167",13683.7068754004
"18169",3564.83172895459
"18171",521.451173203689
"18173",8560.14654516228
"18175",30563.551031853
"18177",13097.4152433654
"18179",1145.15953733362
"18181",105.282220664111
"18183",4004.67752412408
"19001",16.0532474929451
"19003",6.35423696474419
"19005",13.6047273488305
"19007",9.38116734717403
"19009",0.765063260844721
"19011",1256.54048733477
"19013",273.405461911769
"19015",13.934655794544
"19017",46.8770220439667
"19019",214.206830220145
"19021",40.235859874172
"19023",48.5579075107888
"19025",1.46293984406168
"19027",0.128669955040843
"19029",5.32148026408632
"19031",90004.992490339
"19033",597.033369838855
"19035",6.39458328842292
"19037",48.8361678451259
"19039",4625.88180090362
"19041",1.6100357740761
"19043",18.9987599704452
"19045",57533.6929246582
"19047",0.0792194339848163
"19049",43.9075516695066
"19051",17.2827001203026
"19053",408.006203125329
"19055",130.551271209602
"19057",2662.11968028971
"19059",0.124506591407581
"19061",1489.10337671469
"19063",2.50704506412493
"19065",17.2703545001615
"19067",84.6885310465527
"19069",1174.85164164237
"19071",4.88650014043645
"19073",5.55860418054784
"19075",274.618964052617
"19077",3.37459812014041
"19079",225.274459646298
"19081",1491.04690129095
"19083",373.143503650319
"19085",11.2022308534614
"19087",9452.29569808231
"19089",418.324692068232
"19091",182.263959981266
"19093",2.85705539440219
"19095",630.149091370659
"19097",400.42465278553
"19099",343.404024861523
"19101",992.837022899964
"19103",2122.6501687205
"19105",2873.18392251017
"19107",91.4659030252925
"19109",67.1232607079879
"19111",1677.38839753872
"19113",6850.46313774082
"19115",6026.59878523309
"19117",250.982619162781
"19119",45.0226667505218
"19121",372.812165814404
"19123",294.500101482509
"19125",516.038835464223
"19127",4089.57417885353
"19129",33.3333700874309
"19131",33.262158545107
"19133",6.78827687088608
"19135",121.402502719194
"19137",2.03568531161415
"19139",204637.281697829
"19141",1.31546248566879
"19143",0.1552837101526
"19145",5.40273166404027
"19147",1.11789640655511
"19149",52.3006916362152
"19151",2.90334913134206
"19153",58.9993528732479
"19155",52.0920627792607
"19157",252.309159129894
"19159",115.232609739082
"19161",5.88781154379286
"19163",951488.295125067
"19165",2.44782839437586
"19167",27.654272717486
"19169",187.98681347192
"19171",550.973931707182
"19173",3.71534692648687
"19175",345.299681092543
"19177",452.255132155155
"19179",110.691525876957
"19181",260.860538923863
"19183",1843.60695186631
"19185",108.738001435112
"19187",26.8008223404225
"19189",75.6473895588954
"19191",211.920929930883
"19193",82.8451673334421
"19195",34.4282350585717
"19197",5163.8963068125
"20001",164.927927706282
"20003",11.4582551678501
"20005",704.733593808475
"20007",2.76217421006074
"20009",1.95816464304644
"20011",44.9016101313188
"20013",21.1189049496553
"20015",7585.07055556662
"20017",9.86480349162682
"20019",87.370283180906
"20021",1611.07742382305
"20025",0.231246097111442
"20027",0.178969708429779
"20029",1.95718802699931
"20031",9.69264254339916
"20033",0.00185290755944494
"20035",10695.0170439875
"20037",394.142082323759
"20039",0.0262251113966849
"20041",8.26461684025177
"20043",159.963240992371
"20045",2308.16106708653
"20047",0.0896311539744258
"20049",61.496005519072
"20051",0.0124643797309237
"20053",55.1896044545592
"20055",16.4277388734802
"20057",1.71472204912584
"20059",37.0677875940644
"20061",0.535887013949362
"20067",2.17134444621691
"20069",1.03574319367057
"20073",28.142517220459
"20075",0.756924348496606
"20077",33.0921957523559
"20079",8212.91576046781
"20081",10.2071904190092
"20083",0.339528041738946
"20085",4090.09043847849
"20087",3190.70186215261
"20089",0.121779286912561
"20091",1368.71984961543
"20093",5.44917996922941
"20095",274.92399992343
"20097",0.0982088420834867
"20099",5781.52715255992
"20101",0.903130219162758
"20103",758.345065601966
"20105",0.338004258530815
"20107",3.31268134243474
"20111",47.5829143908346
"20113",1361.89360076743
"20115",109.088054672753
"20117",506.527250851772
"20119",32.3476539567897
"20121",57.9174102286139
"20123",0.118708340273157
"20125",786.378649002731
"20127",1.90159248528975
"20129",0.10855211279921
"20131",0.0527908649594657
"20133",2381.93953621244
"20135",0.00219933571426446
"20137",0.0198783332467488
"20139",939.401467669914
"20141",0.00751101606545346
"20143",0.411809937638033
"20145",0.275271147391551
"20147",0.00163660626614438
"20149",1199.89373685928
"20153",0.0303018375543555
"20155",377.599264709162
"20157",145.876164363252
"20159",127.896039897472
"20161",0.13607454937433
"20163",0.000645614151173144
"20165",0.179989298743019
"20167",0.132675333653088
"20169",152.144381558238
"20171",4.0362535706749
"20173",52938.3270893731
"20175",331.009819923572
"20177",19686.3452041997
"20183",0.0312956114644049
"20185",0.525759461627799
"20187",0.104205864592586
"20189",16.2071095260672
"20191",7637.42298228321
"20195",0.0015164600935633
"20197",4108.29232842033
"20201",534.034550041993
"20203",4.98288069960404
"20205",575.923680671881
"20207",99.2383479466561
"20209",10161.6142188451
"21001",115.956064743777
"21003",5213.72358008348
"21005",3137.52240609155
"21007",471.157010143462
"21009",4061.38781233606
"21011",57.896403939229
"21013",2.48836773513462
"21015",8715.93379056156
"21017",784.958098538367
"21019",4378.53472528559
"21021",3680.49685525141
"21023",89.5262124468471
"21025",0.000322014084877589
"21027",498.451181815689
"21029",35322.7834783052
"21031",5473.35939191282
"21033",5438.55669840461
"21035",232.648078431947
"21037",5911.15661076351
"21039",219.150220956577
"21041",4714.78782026348
"21043",534.321996943766
"21045",464.688705559601
"21047",388.279586971957
"21049",812.701037283465
"21051",2.52743899495156
"21053",0.0897053881753035
"21055",2489.98804186346
"21057",4.69815596829181
"21059",8740.76589274635
"21061",5620.81428678715
"21063",76.8998720539531
"21065",554.539300007497
"21067",3077.88604570636
"21069",46.9709844630918
"21071",8.80025825543381e-05
"21073",1151.2879398059
"21075",87.9735108513417
"21077",3294.80229562323
"21079",2941.51775464043
"21081",1416.22533408511
"21083",490.501966203002
"21085",989.368990099017
"21087",758.813042278908
"21089",1165.90131489743
"21091",4997.11818096995
"21093",7674.39625478082
"21095",0.558224964094224
"21097",1343.50847266186
"21099",10029.5443864555
"21101",6885.07402726323
"21103",1484.55895385294
"21105",49.0777846160834
"21107",2164.0420767656
"21109",340.889461194532
"21111",260757.909976955
"21113",6790.42178252055
"21115",9.00950656588074
"21117",9320.29179217565
"21119",0.000138391472534984
"21121",5.40524736549011
"21123",525.227583660904
"21125",57.0625643598641
"21127",402.906403480582
"21129",81.9839823508506
"21131",8.24388176936883e-05
"21133",0.000267994306173916
"21135",85.7302980835423
"21137",1619.69978919754
"21139",10935.1549603279
"21141",7120.0090836345
"21143",3551.59268788751
"21145",1751.90206868103
"21147",8.49360850313649
"21149",2430.70179016153
"21151",4508.75372096318
"21153",0.0208081708710958
"21155",1036.94644609032
"21157",15014.6408334919
"21159",4.79189987097314
"21161",68.4910259273663
"21163",20183.4135187939
"21165",19.0248589409398
"21167",13858.0248077714
"21169",672.90544171115
"21171",179.145246737039
"21173",81.6426603622229
"21175",9.79406161771946
"21177",488.225551796745
"21179",3139.60060819268
"21181",256.076485418522
"21183",595.052216252698
"21185",37386.0749163769
"21187",1245.14666336086
"21189",21.9411554295547
"21191",632.684937498378
"21193",0.00149172922391011
"21195",0.000213702441464371
"21197",227.055129337408
"21199",86.9992308711876
"21201",200.290825036156
"21203",530.435044997637
"21205",273.814354406132
"21207",6.79956475990609
"21209",8588.02737291343
"21211",6809.15596537399
"21213",10542.4444338581
"21215",11635.5089966959
"21217",204.011422097356
"21219",105.463322193063
"21221",545.196526849186
"21223",4326.50190592887
"21225",1526.66508979151
"21227",21091.8181086679
"21229",1677.26591855044
"21231",14.9587064052225
"21233",2027.93498650347
"21235",9.36053591015037
"21237",1.91922852896272
"21239",4912.3687657758
"22001",4.07266852869069
"22003",427.456524985604
"22005",57753.5112738853
"22007",10224.2255538902
"22009",388.697102103347
"22011",3217.62677482824
"22013",454.284248488922
"22015",1721.50984079909
"22017",6646.01764418372
"22019",17918.89232856
"22021",147.322254342759
"22023",4417.61138299635
"22025",423.221421710543
"22027",1156.61414378848
"22029",1822.38711477067
"22031",378.520122402357
"22033",20875.2741503113
"22035",59.2840022864418
"22037",1962.39063541049
"22039",61.9236040474353
"22041",22.914843438459
"22043",452.1424124012
"22045",365.462133620361
"22047",13704.8987616562
"22049",503.805331753567
"22051",12556.8142025483
"22053",800.56239787611
"22055",40.3321056973503
"22057",7612.06207395553
"22059",187.105373556659
"22061",1156.45717435463
"22063",18665.6331624249
"22065",666.33779394857
"22067",784.620842012626
"22069",204.759188002679
"22071",5559.23091376127
"22073",1188.33021495514
"22075",266.864921824788
"22077",1850.82187965163
"22079",550.240923583728
"22081",456.1005064527
"22083",84.9871382723008
"22085",28.5593229478199
"22087",698.947011113049
"22089",60027.871174613
"22091",196.965857666772
"22093",45988.5198126873
"22095",198643.977017102
"22097",154.033157258293
"22099",1255.34691749684
"22101",1505.2247168932
"22103",1570.57931163594
"22105",3837.66705819008
"22107",404.798522169041
"22109",781.81240278508
"22111",1576.89364228958
"22113",3.79140464952015
"22115",1035.55623091037
"22117",267.246488055972
"22119",427.417194124668
"22121",23350.7525266262
"22123",20.1021111457077
"22125",1871.19268226002
"22127",244.794113885384
"23001",1015.4682055422
"23003",171.032979124539
"23005",6039.87062544547
"23007",119.934949570397
"23009",10.3519586041491
"23011",114.410366612289
"23013",91.1449778901594
"23015",135.272017099517
"23017",107.306436987144
"23019",27.3733129661651
"23021",3.11586645831915
"23023",1279.18511173044
"23025",56.8548355320781
"23027",23.2510719214879
"23029",75.0290222685895
"23031",3765.98493417782
"24001",4276.33666691405
"24003",2200.82862405375
"24005",5919.89459913954
"24009",9.99801486500744
"24011",2834.14816590025
"24013",1704.66856577049
"24015",1220.35922840721
"24017",809.377862741759
"24019",1243.06122736426
"24021",5726.5823184782
"24023",1072.86479374844
"24025",2907.02954010136
"24027",1024.25469266238
"24029",2860.72971702085
"24031",242.032460994693
"24033",266.238589626938
"24035",1245.27703990671
"24037",1789.32001263867
"24039",321.886815452973
"24041",874.388703765382
"24043",34209.6327414491
"24045",6481.98303897785
"24047",852.373161854184
"24510",9216.29686067854
"25001",418.464338716339
"25003",377.216152816318
"25005",4362.57363537016
"25007",212.622610534745
"25009",867.6853032944
"25011",2013.88663394677
"25013",37354.7752969654
"25015",8071.02879656949
"25017",2192.9878712017
"25019",3.11886522727647e-06
"25021",8022.66863528534
"25023",2976.96349726009
"25025",2483.51966001328
"25027",2465.71272846281
"26001",118.622057889477
"26003",39.0671557779646
"26005",1024.81451226877
"26007",240.457502227975
"26009",83.7639121055656
"26011",384.440317532009
"26013",9.97466385002046
"26015",1340.19058561476
"26017",1988.13583982283
"26019",13.6465286750273
"26021",3327.12734451182
"26023",1276.08094925643
"26025",6061.40020349352
"26027",4375.20002435779
"26029",44.7684242613013
"26031",80.9408452519732
"26033",29.1662271659632
"26035",96.2643989847724
"26037",105.604472427486
"26039",337.171673358596
"26041",108.440398681906
"26043",391.35416950387
"26045",2086.64134805862
"26047",20.1305492058951
"26049",1539.295091145
"26051",354.958466560558
"26053",1.42671086448749
"26055",0.790947530839074
"26057",654.82115446122
"26059",2701.65843492272
"26061",2.42609761477674
"26063",94.881986177431
"26065",2738.38492034466
"26067",1017.60161949853
"26069",492.724702050352
"26071",123.746854423658
"26073",1112.20041694628
"26075",22968.3527595358
"26077",909.145582287826
"26079",80.540258748093
"26081",12092.0341328193
"26083",0.0281094987115073
"26085",5.49225834069187
"26087",927.571699747172
"26089",0.460894327015011
"26091",3420.13524018809
"26093",1359.39703899812
"26095",99.4814704632701
"26097",28.0451006934577
"26099",4664.21349389376
"26101",40.0532099633359
"26103",78.9993342747761
"26105",17.2757887014225
"26107",662.364294137146
"26109",2906.22384434712
"26111",3641.3604519474
"26113",18.5617998102495
"26115",16182.3885060981
"26117",3388.13814862329
"26119",115.093097480212
"26121",22049.2776799551
"26123",1271.73085284805
"26125",5791.71685741802
"26127",1318.38958077257
"26129",2379.31836940232
"26131",24.9017618760797
"26133",24.1476492846581
"26135",448.133554570456
"26137",534.588767822982
"26139",7141.53430991212
"26141",55.5394973803711
"26143",380.588895302451
"26145",2227.40171617988
"26147",293.236105119772
"26149",1214.27392687103
"26151",82.7596546662393
"26153",58.8144330887633
"26155",274.841769689554
"26157",4457.24642624225
"26159",287.550509904104
"26161",4646.02533587351
"26163",22561.6502620742
"26165",5.05219805856713
"27001",33.1141733536972
"27003",2411.08061651781
"27005",5.00139595880674
"27007",795.304362817533
"27009",283.296951759102
"27011",1.05403307315386
"27013",99.4460729628947
"27015",11.5889610553531
"27017",129.496388465486
"27019",659.860840665557
"27021",122.474227061696
"27023",2.00486209118708
"27025",804.839306257623
"27027",22.1635303259249
"27029",387.492037895223
"27033",0.176441378780716
"27035",0.393258335544144
"27037",10192.2469633144
"27039",53.8561655371852
"27041",165.911982524218
"27043",12.1577668200889
"27045",74.2770631449259
"27047",111.573310174094
"27049",1193.48514091189
"27051",9.67525064226088
"27053",4441.46918554794
"27055",25.4182140338023
"27057",766.645751783615
"27059",340.45840592433
"27061",83.2020166697742
"27063",0.489342900808083
"27065",54.7605750065818
"27067",53.3988259056459
"27069",0.00333242666157585
"27071",135.660580959032
"27073",0.73662943070423
"27075",1.01718840539584
"27077",0.309137059368012
"27079",291.401281820349
"27081",19.2056388197714
"27083",1.76042005017721
"27085",30.786788749682
"27087",57.3424349332124
"27089",0.177802477451184
"27091",16.4447485052509
"27093",257.323139939847
"27095",31.6086487558929
"27097",152.547550063689
"27099",17.3542182081657
"27101",0.0591288983174262
"27103",86.2245479258196
"27105",0.0383423301539112
"27107",3.14049275246302
"27109",22.2370914931395
"27111",4.60779714369968
"27113",0.0715392762831504
"27115",73.9208143797782
"27117",16.7057343487356
"27119",13.3477809046518
"27121",31.4450913986049
"27123",8726.2891402282
"27125",0.0572989121956862
"27127",0.958529650873885
"27129",2.14700597129763
"27131",576.576026175808
"27133",10.106895514606
"27135",0.150280583253671
"27137",46.1949160421738
"27139",2999.82872075467
"27141",394.922336766585
"27143",61.1558755027749
"27145",1687.80528432099
"27147",126.14795752172
"27149",5.09495803761368
"27151",15.0409400974533
"27153",55.1957841310214
"27155",0.0288738797140378
"27157",274.074759741987
"27159",0.0980795399512129
"27161",57.2494029955214
"27163",3812.03520489789
"27165",9.5542350645705
"27167",2.79226614936579
"27169",124.412835026296
"27171",345.50175553948
"27173",2.25208200252835
"28001",4471.83025039509
"28003",79.6624723931429
"28005",30.9605666918968
"28007",61.2908580030778
"28009",97.2728008358548
"28011",121.183975384281
"28013",149.545831942459
"28015",693.943625589395
"28017",408.405382056314
"28019",313.36852159024
"28021",337.003967178251
"28023",335.210597017656
"28025",1483.30928515669
"28027",6.0016667661596
"28029",633.129384875849
"28031",1303.08624698252
"28033",2295.11366531732
"28035",1752.65521378386
"28037",212.31772294071
"28039",335.952914300055
"28041",50.2017111570069
"28043",2161.96151052624
"28045",1718.82418200892
"28047",661.003851213527
"28049",6425.30658135842
"28051",7.77707801729804
"28053",29.8250127865068
"28055",254.699999719412
"28057",1078.7593505369
"28059",4765.42943244071
"28061",1215.63839046527
"28063",344.459747085863
"28065",215.815350757659
"28067",2662.47119347089
"28069",474.92397912117
"28071",1715.35607573939
"28073",265.567119229954
"28075",1349.98363598643
"28077",230.315981580038
"28079",27.7845761767216
"28081",1201.59516146195
"28083",156.527983938538
"28085",47.1492891589075
"28087",1998.68310924209
"28089",6080.68391949149
"28091",105.229360699093
"28093",441.697960940703
"28095",3810.16330035924
"28097",627.098265713476
"28099",395.836784937824
"28101",1091.35399599688
"28103",569.439903809882
"28105",1405.27275061033
"28107",421.799220966558
"28109",198.281183965438
"28111",572.924583535694
"28113",27.4060050109754
"28115",190.638140223208
"28117",81.5635214284232
"28119",31.9335048512362
"28121",5261.13840773549
"28123",231.007862139139
"28125",39.3798578407267
"28127",1243.65859120099
"28129",2598.11918424473
"28131",70.6058707991588
"28133",1.68021926436389
"28135",215.541096066401
"28137",366.045171191912
"28139",11.3265857732909
"28141",109.742888936507
"28143",290.204435581215
"28145",143.153634195269
"28147",71.4743336993685
"28149",2628.38027937064
"28151",26.4432239131438
"28153",374.313184344445
"28155",118.108918942084
"28157",425.863306014649
"28159",4177.56057405906
"28161",989.748770416733
"28163",995.657135153635
"29001",5.04395458593909
"29003",30.902136900609
"29005",1.14160135002345
"29007",878.591140843185
"29009",207146.696645272
"29011",846.872054037696
"29013",2.365013279634
"29015",44.288459309811
"29017",163.908606409493
"29019",423.494559130197
"29021",336.063140990227
"29023",463.68385423229
"29025",201.01057241343
"29027",93.3557603879302
"29029",1993.63295508592
"29031",529.134130067795
"29033",192.12126419187
"29035",9.46674173634106
"29037",235.79837447471
"29039",51.0859282479774
"29041",72.7470755726226
"29043",3256.3155533143
"29045",305.098715674876
"29047",3109.60712619928
"29049",199.645560128148
"29051",67.1243180338727
"29053",71.5979940838717
"29055",538.446904616198
"29057",574.213814148171
"29059",2959.36274238944
"29061",163.203865341232
"29063",4.49051847515331
"29065",948.661559072834
"29067",1187.53772871502
"29069",609.283646058932
"29071",852.191936807772
"29073",21.3432822655454
"29075",0.771279659417705
"29077",24055.6676367302
"29079",224.257977153691
"29081",5.42294614910719
"29083",6.33065927233672
"29085",39.2096199651017
"29087",14.7205346010179
"29089",37.7303643332089
"29091",271.387606454054
"29093",8106.12974842213
"29095",3866.3152995039
"29097",2524.45723288068
"29099",24111.17472779
"29101",35.6293365779071
"29103",15.4804232293379
"29105",17494.8128106692
"29107",87.4721486814967
"29109",16786.1048706841
"29111",778.028120893796
"29113",305.499888782977
"29115",274.188530482068
"29117",2469.58242872136
"29119",19495.914120808
"29121",112.546552700689
"29123",728.300755958463
"29125",19.1730466040378
"29127",3429.42511797004
"29129",0.00643313134681521
"29131",142.038415653095
"29133",164.56195222322
"29135",32.8573622437612
"29137",304.106863470173
"29139",226.735977427665
"29141",60.0760848024565
"29143",1121.53840293088
"29145",10031.7071315639
"29147",2.34502200037504
"29149",18.6749097545498
"29151",19.5870187490898
"29153",150.914440599524
"29155",369.351020023367
"29157",16.1434020881995
"29159",723.563833130038
"29161",25.5951551888436
"29163",1333.80882720343
"29165",851.416287059523
"29167",2764.31341425312
"29169",1085.37911360267
"29171",0.126723078792108
"29173",4549.19094514901
"29175",110.121542930633
"29177",248.908960272173
"29179",1648.93863391662
"29181",0.71364693427519
"29183",3114.90649685027
"29185",0.364158426513064
"29186",1794.26940363779
"29187",1829.44653113314
"29189",16802.7678061335
"29195",37.045362780566
"29197",0.666740768906572
"29199",9.42031699621981
"29201",442.111146459888
"29203",119.869086224828
"29205",135.948194704825
"29207",3085.62071435042
"29209",12029.3750967526
"29211",40.334489794997
"29213",18.977058822813
"29215",1156.64068744503
"29217",72.2707678929059
"29219",322.064448964389
"29221",1218.5609614507
"29223",556.615596662835
"29225",9454.98999463486
"29227",0.384051485385021
"29229",6351.88407817951
"29510",52983.2699098611
"30003",43.809002549641
"30007",16198.5784289994
"30009",27.6273520195048
"30013",261.05165896773
"30015",1.28367480307478
"30029",1572.63150472023
"30031",1.64929650190464
"30035",408.151565496509
"30037",14.4860468437949
"30039",271.237943105809
"30043",17626.3947841789
"30045",0.397134269246565
"30047",542.454517932684
"30049",43216.617388551
"30053",19.8657464662469
"30057",0.833803919691762
"30059",13981.3719717257
"30061",109.714090051559
"30063",1397.22721675455
"30065",17.4334280366403
"30077",5440.2926714146
"30081",125.04637627225
"30083",0.000334885028890063
"30085",0.000467505320132012
"30089",57.0024831993136
"30091",0.000354975818200667
"30095",24.382846351104
"30097",2.6537291679853
"30099",0.218442991022286
"30111",243.395844996222
"31001",348.620491340332
"31003",28.9552282439683
"31005",7.77658059380026e-06
"31007",12.6154889071432
"31011",2.99152184163012
"31013",0.548752470417709
"31015",0.0214495215608564
"31019",1190.44539739934
"31021",5.15113399075243
"31023",1606.98126256642
"31025",408.121027990053
"31027",297.160754959981
"31033",5.35616676398068
"31035",54.1153323265028
"31037",22.1680281185211
"31039",25.2968517407898
"31041",21.2398922515097
"31043",131.314034826113
"31045",0.00333478321265629
"31047",153.953857045333
"31051",44.7363042496409
"31053",131.572350127442
"31055",956.822608696999
"31059",155.073537175629
"31061",28.2152061169635
"31063",6.01347811179064
"31065",1.33211500593723
"31067",7523.79568986338
"31069",0.00280897062042326
"31071",0.0149688
"31073",36.8498878994405
"31079",203.938110641842
"31081",28.8598733676626
"31083",13.1324862630759
"31085",0.0337149194589695
"31087",0.0634081832170227
"31089",0.143654087734335
"31093",4.31357695062937
"31095",4508.03415871218
"31097",605.947502395948
"31099",492.380576993154
"31101",1.70132722594827e-05
"31103",0.0418383003150744
"31105",20.6653351892006
"31107",49.2959045669628
"31109",8556.78437116129
"31111",4.05135135931759
"31113",3.21088425068425e-06
"31117",6.10596653629361e-06
"31119",227.944031202282
"31121",2.94030699543774
"31123",9.63835012392665
"31125",0.875318394189661
"31127",11.0970867693075
"31129",14.9966564849722
"31131",367.933885897303
"31133",511.746554530671
"31135",6.32366414155445e-06
"31137",184.345121852461
"31139",101.022857463272
"31141",27.7616742918049
"31143",191.203786907941
"31145",0.351370768362686
"31147",1.50648335052544
"31149",0.0319790102567571
"31151",1782.43462279208
"31153",272.084798138285
"31155",986.790158793411
"31157",35.192307416977
"31159",6565.31079093759
"31161",0.00711138526093051
"31163",192.290191558324
"31165",5.42856136984274
"31167",185.500236445786
"31169",632.402185241525
"31173",12.4102567708188
"31177",94.9528817504259
"31179",77.8235263622462
"31181",14.8726101151151
"31185",308.679926233651
"32001",0.166572282469492
"32003",12.8761815581655
"32005",56.9143406607458
"32007",0.0994905091178094
"32009",0.282020915353323
"32011",0.10878231318332
"32013",0.0915516055094322
"32015",0.577054487666905
"32017",0.00498903562167595
"32019",80.6791506835607
"32021",0.35058761820569
"32023",1.3403186043431
"32027",0.0189631825408862
"32029",2802.16797118066
"32031",6251.31007983247
"32510",1616.76316377745
"33001",429.706301888233
"33003",38.752443801549
"33005",1568.78355257033
"33007",103.835484035385
"33009",597.641355454181
"33011",1921.03329220133
"33013",4865.67626875925
"33015",2128.525474427
"33017",4324.09736650692
"33019",14778.7021052871
"34001",246.611121582983
"34003",24250.1503742469
"34005",4222.10361290307
"34007",12099.3101473899
"34009",20.8416401501646
"34011",727.519083707008
"34013",24787.6510395929
"34015",5296.42531407986
"34017",68557.8538636148
"34019",30133.0544897894
"34021",17503.662616803
"34023",18864.1987762485
"34025",3403.07447003984
"34027",13866.472729333
"34029",519.899986348687
"34031",11194.6213526716
"34033",4490.02429695094
"34035",38415.1561811378
"34037",2514.31226754151
"34039",14989.4673374604
"34041",12499.272579123
"35001",1338.1164179553
"35005",1023.91822538455
"35006",24.3611644094921
"35007",0.0284177686615018
"35009",1.00794537007935e-05
"35013",156.670878185495
"35015",142.984359329478
"35025",11.2038952831803
"35027",189.581500138136
"35029",0.0365066910541208
"35031",54.7122751634786
"35035",44.2072350958158
"35039",5.79393737312416
"35041",1.84799753414324e-05
"35043",219.380394884933
"35045",16.510146911554
"35049",74.9311714768659
"35051",6.25885729124373
"35053",0.0542425038649371
"35055",0.029631304317355
"35057",106.973503025701
"35061",225.088091830034
"36001",2046.16874267907
"36003",571.384403133886
"36005",8883.4506221845
"36007",163.168750692151
"36009",1930.20022050135
"36011",1334.56467303871
"36013",5038.24058412265
"36015",47.4790705999633
"36017",692.171437799038
"36019",0.535248899762278
"36021",284.172673900809
"36023",2015.58946894162
"36025",115.385635267372
"36027",301.591683956987
"36029",4267.57244275692
"36031",22.4244497653837
"36033",13.4651943734581
"36035",268.243651207748
"36037",2019.0135888686
"36039",280.471969914968
"36041",88.753235872695
"36043",1826.89575008896
"36045",11.0153038597466
"36047",9990.71239491579
"36049",38.9366350845419
"36051",2584.86467231676
"36053",1538.06658659446
"36055",28713.6343614688
"36057",427.587993525523
"36059",2070.09374004249
"36061",18869.0610807563
"36063",5046.36764540267
"36065",2931.58273117642
"36067",8160.57437468122
"36069",2846.8848380157
"36071",1151.38079118959
"36073",1922.93050501379
"36075",1393.0705349592
"36077",435.731862192316
"36079",812.83813857589
"36081",5336.23140714259
"36083",1219.49608806094
"36085",7647.39582743819
"36087",6982.89702096602
"36089",24.3932403352793
"36091",1287.9718650115
"36093",2075.45831076882
"36095",122.527626058325
"36097",42.4784259305632
"36099",1422.74453469082
"36101",312.451985023212
"36103",1196.23713173251
"36105",23.1387352301561
"36107",96.6798389330535
"36109",255.903983329891
"36111",214.144082396656
"36113",520.216493329233
"36115",501.435326397559
"36117",7056.89427907985
"36119",2825.36337657577
"36121",291.591580997323
"36123",228.067886979917
"37001",509.530567749013
"37003",1903.11508114995
"37005",844.391679563132
"37007",660.705496633352
"37009",250.570375338631
"37011",78.1096995697564
"37013",624.406204329942
"37015",838.21111413222
"37017",2240.17517538187
"37019",14838.7818132643
"37021",491.10035707429
"37023",585.822594692963
"37025",1355.76938047629
"37027",883.811506338634
"37029",807.612172530417
"37031",1.99501066711245
"37033",296.12461690908
"37035",3006.27905475434
"37037",3718.76190705706
"37039",256.089570838865
"37041",421.508869601405
"37043",0.318955396892416
"37045",1432.39381959023
"37047",3352.54177501011
"37049",905.694726977926
"37051",802.138394631289
"37053",570.81651451736
"37057",1415.58935732052
"37059",885.843418650311
"37061",1046.29788528429
"37063",910.809882549341
"37065",1316.55059451274
"37067",1776.17306799646
"37069",194.074984475317
"37071",9286.4795159998
"37073",599.608622488451
"37075",80.2610659179484
"37077",163.972719672692
"37079",2600.35549244438
"37081",1147.63509095253
"37083",439.523075248252
"37085",1961.88601801678
"37087",482.470853481987
"37089",521.997162011186
"37091",679.874093206298
"37093",1464.98741097079
"37095",28.5446690083397
"37097",2008.5727878107
"37099",20.15820597537
"37101",1023.35016827842
"37103",254.45983640994
"37105",5319.56696098576
"37107",966.823919528243
"37109",2206.49251643565
"37111",51.7261029927498
"37113",0.97701253001485
"37115",251.686831718377
"37117",1961.88432643038
"37119",3745.35118074511
"37121",280.225087430729
"37123",3821.31432526448
"37125",1344.40834266649
"37127",398.219619521526
"37129",26543.5452032819
"37131",955.851173352699
"37133",1940.16259530105
"37135",607.03957834927
"37137",81.564402371185
"37139",115.339707063545
"37141",22030.6063797821
"37143",126.29752836422
"37145",280.715378445243
"37147",8239.76681018496
"37149",1300.50100333399
"37151",4698.68129310313
"37153",1286.69526726121
"37155",1641.09768496939
"37157",1133.27926249558
"37159",1774.46181807097
"37161",667.673086007269
"37163",723.414105074297
"37165",7586.90762766679
"37167",3657.05975849493
"37169",1292.19858442096
"37171",1735.05015004029
"37173",46.3239229939538
"37175",116.614647731859
"37177",50.4210293816001
"37179",1481.32218483684
"37181",100.661831697337
"37183",5929.16417220162
"37185",51.6960074760846
"37187",394.84887227527
"37189",113.783190711343
"37191",2362.95217420712
"37193",2397.97993458182
"37195",920.16461326179
"37197",1958.47206926649
"37199",253.604399776437
"38001",0.000949374497453955
"38003",1.73779522393245
"38005",0.0177255016484674
"38015",88.2214698705892
"38017",71.2971771696134
"38019",0.013476192363434
"38021",0.452655742949978
"38025",0.0210428715034611
"38027",0.0101108063392155
"38029",20.6303815775044
"38031",1.76512768358196
"38035",1.67455848886678
"38037",1.77036893771793
"38039",1.1785812330584
"38041",0.0052054021822306
"38045",0.862709452056813
"38047",0.676193329675198
"38053",0.00157055159789413
"38055",25.5012465430145
"38057",0.0183109686185779
"38059",134.222790586606
"38063",0.0134461922595217
"38065",50.9480839339088
"38067",0.000677464649803323
"38071",0.0785111378259184
"38073",2.35173942084503
"38077",2.47880758697974
"38081",5.04220354986688
"38085",0.000397820873414145
"38089",0.0909822493149626
"38091",0.0273893222161721
"38093",6.36787932541662
"38095",0.014884487918843
"38097",2.5511687024939
"38099",0.273047163415677
"38103",0.00307332594921932
"38105",0.00728132436919726
"39001",19.4300743210247
"39003",9978.11100919136
"39005",982.130209951259
"39007",1893.84553452509
"39009",3163.3638680414
"39011",2116.57564308792
"39013",2868.1713324467
"39015",585.706743507157
"39017",18817.7364308116
"39019",6238.24349861555
"39021",11492.8970173888
"39023",23801.6447412007
"39025",4957.26513739989
"39027",2768.73695176638
"39029",17248.9063056074
"39031",4099.50898247762
"39033",451.944424586169
"39035",18430.9717729067
"39037",9853.50722113108
"39039",4752.77068539422
"39041",3268.47830719055
"39043",1548.10395024586
"39045",3379.09653617592
"39047",657.331215523374
"39049",10979.58291239
"39051",4878.43601710596
"39053",1414.00576489699
"39055",7280.34470419501
"39057",25122.4690125337
"39059",874.305304800727
"39061",44727.7599271676
"39063",995.080838272006
"39065",983.429218644499
"39067",1092.03866314276
"39069",2951.19943927097
"39071",29.6279428416288
"39073",250.097141656843
"39075",3629.89816972357
"39077",900.552802895238
"39079",128.312095104517
"39081",6842.80569422254
"39083",2048.50430601816
"39085",7983.91764026041
"39087",5328.12912310833
"39089",14016.9624716431
"39091",1201.65247872484
"39093",6022.11391354811
"39095",10679.1710238773
"39097",3174.16185006767
"39099",17500.118747166
"39101",851.224801524807
"39103",4410.20499872011
"39105",1314.4888094602
"39107",1122.40513095625
"39109",59240.4073153046
"39111",4314.11638778998
"39113",101372.28435811
"39115",7031.28611159486
"39117",471.693902731697
"39119",3956.1256208747
"39121",3603.73442161319
"39123",2470.60372344159
"39125",2206.98073950438
"39127",2808.77710428786
"39129",1596.99753482524
"39131",252.901859455343
"39133",8007.1215227444
"39135",21897.0211083175
"39137",2319.09000909187
"39139",964.941744402487
"39141",290.035216563492
"39143",1319.83152308169
"39145",329.879011688356
"39147",1128.66485715291
"39149",7428.83388719551
"39151",19374.6819431512
"39153",12809.6035138988
"39155",34651.6989375913
"39157",7791.13309407067
"39159",3755.84768788781
"39161",1485.7097061105
"39163",61.6838705433232
"39165",14953.5717672574
"39167",17443.2111836615
"39169",3569.03835215512
"39171",1571.23298763574
"39173",1991.30296139833
"39175",2700.50906790015
"40001",459.258741574546
"40003",2.3732420352788
"40005",4.61399433548177
"40007",53.1637643753504
"40011",0.0693008437725816
"40013",219.870753684426
"40015",10.5233214657705
"40017",673.438249907434
"40019",308.389833315041
"40021",115.134649045409
"40023",350.130381016495
"40027",2070.69564776594
"40029",2.11727282394305
"40031",59.1910422401021
"40033",812.040107356624
"40035",121.305251061236
"40037",7936.84771521808
"40039",0.182938216448852
"40041",210.681068870414
"40043",1.04256088163913
"40045",9.64586923450074
"40047",198.051256126488
"40049",88.7221959828163
"40051",212.915997012765
"40053",426.483731380826
"40059",8.7931154626622
"40061",24.2481715595495
"40063",2.56784184011647
"40065",13.9672868650543
"40067",26.92499856529
"40069",71.7925565055899
"40071",15705.6194709495
"40073",86.4806049016587
"40075",22.6996694330385
"40077",0.298322314343256
"40079",135.311908190959
"40081",168.167189171322
"40083",650.014387690008
"40085",82.8382877938814
"40087",478.73358448248
"40089",1331.33985771987
"40091",46.4545104258528
"40093",1.94615793476108
"40095",184.684800917437
"40097",716.738857802578
"40099",168.893783713572
"40101",732.38990739862
"40103",2483.75633898173
"40105",218.198743134775
"40107",22.8281444317467
"40109",8481.67280021203
"40111",1404.30665502105
"40113",3329.7966109939
"40115",898.418105315223
"40117",921.431554327731
"40119",15.2693826947167
"40121",9.20987001630741
"40123",18.8340465412821
"40125",252.380812980211
"40127",158.578462570623
"40129",2.24737352741548
"40131",7662.55380526828
"40133",3.96423849289437
"40135",75.4292118524818
"40137",7.77372721811149
"40139",29.0448005316131
"40141",435.380231938223
"40143",35314.1562620563
"40145",5724.56103537629
"40147",2879.42532798957
"40149",0.0494677857005911
"40151",0.245000618421169
"40153",40.0821621518329
"41001",119.047966953685
"41003",4294.28739540247
"41005",15693.5012056832
"41007",568.769732867258
"41009",13416.7747704686
"41011",169.440637352432
"41013",65.5222705315349
"41015",1.78209429911206
"41017",395.394998923268
"41019",923.997654193527
"41021",1.74651778732423
"41023",42.5216400112427
"41025",0.0385689922713837
"41027",131.519177508833
"41029",1527.65673808992
"41031",18.1161050885594
"41033",99.993856215598
"41035",862.312094051793
"41037",41.4652798741946
"41039",1906.73771242701
"41041",156.239666052268
"41043",10781.6050947984
"41045",0.208575589261506
"41047",3634.62407946785
"41049",42.0953117387082
"41051",51867.2597318743
"41053",1855.70395250665
"41055",35.7891596257585
"41057",30.7237386457462
"41059",351.375417539183
"41061",469.014910932056
"41063",110.541648298875
"41065",146.46275023288
"41067",19793.8764085724
"41071",2822.94690540672
"42001",5844.61132176323
"42003",18991.4979965019
"42005",1637.63339084916
"42007",18092.30546241
"42009",218.471456321146
"42011",86076.0421156318
"42013",3871.25494469677
"42015",625.172718469526
"42017",7901.3128841493
"42019",7501.89613446559
"42021",493.352304176099
"42023",1432.16302233578
"42025",658.851804166943
"42027",972.401194111855
"42029",26592.9502370126
"42031",1054.79764107464
"42033",463.037706185574
"42035",557.733231113829
"42037",1891.41608844362
"42039",2353.08020973329
"42041",3293.47019034621
"42043",6439.65228760646
"42045",10301.8915560626
"42047",3407.80514287115
"42049",25104.531603041
"42051",2625.04180243733
"42053",1249.96666065113
"42055",3751.00019503949
"42057",2694.83019328078
"42059",2125.55785126791
"42061",658.99820048597
"42063",672.66623390524
"42065",870.345804003845
"42067",1836.37105685625
"42069",947.101509263434
"42071",38987.9673224761
"42073",10945.3849358924
"42075",10933.6182274317
"42077",12073.8141086438
"42079",1181.30506315588
"42081",1190.32086007285
"42083",3125.22725053638
"42085",6249.8907887852
"42087",1483.92595259543
"42089",1016.43391106457
"42091",20454.0802452972
"42093",5744.46551834752
"42095",8788.91511472257
"42097",9163.26853140715
"42099",1104.39740849695
"42101",17696.0934464969
"42103",77.4406517718803
"42105",336.633973733519
"42107",9033.92858182464
"42109",1094.95620120259
"42111",606.702372750729
"42113",359.84070902052
"42115",271.397812064253
"42117",23.3420077407126
"42119",1811.44000271991
"42121",5626.92245807343
"42123",5546.36275190524
"42125",10926.0952937169
"42127",120.962870941455
"42129",4749.03198171203
"42131",497.213649237534
"42133",54063.4681086546
"44001",1873.72968594576
"44003",1127.2457565823
"44005",405.898456296362
"44007",2913.91040042645
"44009",174.965857008527
"45001",294.473435411601
"45003",3076.68449329948
"45005",493.14557445861
"45007",2305.12668884204
"45009",506.19368850059
"45011",1377.99797432456
"45013",266.865213741657
"45015",6485.1494078934
"45017",1325.27623526707
"45019",5793.99543365059
"45021",2538.45300213384
"45023",6723.6528017879
"45025",3635.74720401869
"45027",508.894728772513
"45029",997.988078934977
"45031",4861.62561327617
"45033",1389.68557669146
"45035",2496.46693044615
"45037",1335.41319376418
"45039",8132.42937647378
"45041",877.39335735702
"45043",393.497501181779
"45045",8698.64698241093
"45047",376.135952399014
"45049",914.162176109352
"45051",57.9490784563316
"45053",601.964919493765
"45055",791.514136754517
"45057",1989.23590632122
"45059",1985.87447321104
"45061",647.291733321237
"45063",3116.83160774954
"45065",309.038443638566
"45067",248.305243534129
"45069",6384.44081209341
"45071",5717.19151990763
"45073",1157.86997851594
"45075",798.046921528246
"45077",1127.25778166346
"45079",4636.78097233929
"45081",1028.39295285289
"45083",10294.2117226177
"45085",1015.4234025361
"45087",2742.36553499245
"45089",470.33367158864
"45091",5936.77118763978
"46003",40.7869020680423
"46005",1.35821285816634
"46009",33.8538824976302
"46011",725.507379012179
"46013",7.32119503258881
"46015",0.393247670780327
"46023",0.444652344907017
"46025",2.69429367110621
"46027",185.929782215684
"46029",62.308936579527
"46031",0.000645003655105402
"46033",15.2971322392369
"46035",1127.19821260656
"46037",2.40059948738533
"46039",60.0921919979817
"46043",28.6693082833279
"46045",1.01547380662827
"46047",0.716935430580084
"46049",1.23315127967383
"46051",5.14795551126728
"46053",0.233013091352267
"46057",54.6061218532937
"46059",0.121724970752404
"46061",281.349640532587
"46067",42.8450305443466
"46073",25.5797561605907
"46077",26.7580563284722
"46079",41.3868022784676
"46081",70.9077419089176
"46083",117.012745543015
"46087",45.420018311355
"46089",1.07079425484599
"46091",0.435837195123258
"46093",46.7481030666508
"46097",42.8749842870834
"46099",13.3142926735773
"46101",139.167737694102
"46103",86.6599877583172
"46105",0.000884908477634317
"46109",0.781888064633135
"46111",165.5281999013
"46113",2.49922784103322
"46115",0.898470100582572
"46125",42.1612770826697
"46127",57.9612401496701
"46135",913.094040524467
"47001",250.019901775998
"47003",51.1833849714442
"47005",226.723767649158
"47007",547.008259872811
"47009",1032.70727545698
"47011",17399.0972501734
"47013",33.3487387488869
"47015",32.7083101051512
"47017",1126.69035995635
"47019",4897.23422713853
"47021",2837.18766707242
"47023",384.403528697328
"47025",23.487084924595
"47027",33.4673685522851
"47029",247.062676985908
"47031",23.6867383868309
"47033",669.247922868851
"47035",1022.88631089463
"47037",18351.8803622726
"47039",31.4435984388286
"47041",67.7665031629423
"47043",147.728469221025
"47045",243.964487815814
"47047",1243.86383491851
"47049",131.438297375125
"47051",67.6293354272341
"47053",963.812948987616
"47055",3190.84180682062
"47057",263.952180357238
"47059",26563.3547346315
"47061",168.026409008712
"47063",789.065937820725
"47065",13251.5214051501
"47067",1680.86635999945
"47069",138.85582670907
"47071",208.877578306099
"47073",20894.4403580769
"47075",758.470963072358
"47077",322.306389330464
"47079",358.110057955903
"47081",32.9989793752308
"47083",100.317271970228
"47085",268.630273529014
"47087",75.0845286083951
"47089",641.349591848551
"47091",338.462421643717
"47093",3039.84249912979
"47095",155.715716151445
"47097",1621.11578429783
"47099",956.183890266826
"47101",254.180812878192
"47103",401.202015725157
"47105",2578.82290495224
"47107",13044.5660104269
"47109",186.498293554874
"47111",337.371264495654
"47113",2005.40908504309
"47115",1213.09128308286
"47117",344.598525394659
"47119",435.170729248206
"47121",5232.25359786917
"47123",2458.14812667531
"47125",52.4467254307258
"47127",21.3372341730456
"47129",258.180782307368
"47131",21.2363596446767
"47133",158.698233140334
"47135",19.4770313942451
"47137",0.53822142154972
"47139",5667.51246178722
"47141",611.613330349939
"47143",2075.19200751132
"47145",618.138839548299
"47147",9613.27138199226
"47149",1353.6161465153
"47151",7.23427585450666
"47153",1649.10414228675
"47155",456.288818997691
"47157",8686.51023884521
"47159",133.319813157805
"47161",41.6745924319661
"47163",50796.0148260727
"47165",19733.965029574
"47167",4360.30522353412
"47169",2202.79427445688
"47171",5741.58809941915
"47173",230.031752072557
"47175",83.8483758675849
"47177",18.9692353244993
"47179",28044.9036161541
"47181",59.3103164486712
"47183",229.566452131562
"47185",214.123760970113
"47187",1762.5481956274
"47189",4694.17416964883
"48001",144.408857393553
"48003",16.5578254803887
"48005",13426.4554494811
"48007",1891.07905714827
"48009",430.556022557535
"48011",2894.54396709064
"48013",471.607559863404
"48015",498.357916764702
"48017",9.17082386529878e-06
"48019",41.3234404535529
"48021",39.3023509000815
"48023",53.974560303874
"48025",768.371617343524
"48027",910.63792263544
"48029",1159.93232944174
"48031",17.6461926690378
"48033",16.3948612459525
"48035",219.431516798885
"48037",673.68418269552
"48039",13925.0053152952
"48041",691.826858728408
"48047",436.836642557083
"48049",15.1768766969436
"48051",163.730937308043
"48053",2.86809553478072
"48055",60.0683996324898
"48057",8727.02569234077
"48059",13.971691922587
"48061",304.801874748724
"48063",147.074276399121
"48065",6437.9335250101
"48067",341.904211687863
"48069",0.216166534566699
"48071",9018.64897667054
"48073",1102.13095256575
"48077",305.443535435141
"48081",14.6230151885677
"48083",2.78745560498243
"48085",1204.76216460625
"48089",7.05225094116975
"48091",392.966168803156
"48093",0.674414709129238
"48095",5.2256426884656
"48097",25.8765307216958
"48099",119.167821184895
"48103",18.2897441323446
"48107",0.0555067113705915
"48111",3.36797708469952
"48113",20239.3242867864
"48115",9.6785977405183
"48117",170.815909497801
"48119",49.7272198108128
"48121",2629.29509680139
"48123",1393.90784379484
"48129",589.953108464117
"48131",462.265634774531
"48133",0.737751425084859
"48135",489.926297108324
"48137",0.000396850670984773
"48139",2117.64712799868
"48141",798.538768553965
"48143",0.373329995668139
"48145",364.223248148789
"48147",25.8814318013137
"48149",0.532218179639983
"48151",1.79861778572674
"48153",0.0201253579755142
"48155",15.1374350470149
"48157",5031.82748311201
"48159",13.4135765983001
"48161",98.4146846925726
"48163",22.1750053415723
"48165",2.24579391906212
"48167",13765.6786770184
"48169",0.0125045919376109
"48171",7.74678716509483
"48173",8.92552098657163
"48175",5185.66809126449
"48177",12.6808839349227
"48179",7668.50574892145
"48181",278.998302513079
"48183",19531.3383274348
"48185",3182.39903139443
"48187",392.14828382826
"48189",0.0368450303334502
"48193",0.354662856873792
"48195",61.6861856687598
"48197",24.110895699281
"48199",3246.80828446038
"48201",68122.1860560761
"48203",3140.04967684824
"48205",5.31620348305652
"48209",403.279878398168
"48211",479.16091378414
"48213",60.9130545108674
"48215",46.601494976996
"48217",414.888090925357
"48219",0.0282851682921562
"48221",54.0777161735444
"48223",136.089149496987
"48225",646.733773545582
"48227",157.647622599439
"48229",24.8872062842998
"48231",33.3525869577147
"48233",1960.63153771766
"48235",13.8847586851555
"48237",1.46774452779585
"48239",1489.35687211997
"48241",5816.52085487258
"48245",26742.3613448201
"48249",1177.17852765846
"48251",998.174329064477
"48253",51.8336613624519
"48255",123.00027204456
"48257",400.124743559741
"48259",43.1495752457616
"48261",225.632616373
"48263",0.000628407135821139
"48265",89.2585622856123
"48267",15.0728725485457
"48271",0.000977819284449736
"48273",2095.54755995294
"48275",8.58079174415668
"48277",187.124745474098
"48279",0.0152043440362653
"48281",0.685824364000496
"48285",65.7369106237127
"48287",134.444089878087
"48289",108.412235876621
"48291",4738.32670907224
"48293",120.610413923741
"48295",3.73420251679253
"48297",3372.72184054434
"48299",1.89493009142045
"48303",0.398819029810437
"48305",0.0390934401849351
"48307",13.5337018981062
"48309",2447.47554942424
"48311",785.484663747458
"48313",14.4291515853435
"48315",719.530750792111
"48317",13.7535718602781
"48319",1.88200265249769
"48321",748.160466940539
"48323",0.000950102546608092
"48325",121.348610489486
"48327",1.71936833591817
"48329",82.4624546139358
"48331",265.464885814113
"48333",1.56038898872347
"48335",7.50128480285646
"48337",0.88931731864646
"48339",6686.8778499873
"48341",698.892978322189
"48343",256.972830078573
"48347",3719.40295436517
"48349",70.6693759388091
"48351",2312.13810021777
"48353",9.44300102033394
"48355",16170.0548696767
"48357",97.0013532482697
"48359",655.035985918178
"48361",43751.2969411441
"48363",2.66255603866386
"48365",516.288703302804
"48367",211.735427079806
"48369",1.27218593864169e-05
"48373",788.172507118737
"48375",18487.3516583537
"48379",44.3205069254263
"48381",2591.53067843316
"48383",0.00229359601
"48387",851.890230008454
"48391",7789.60077849749
"48393",1703.67600685534
"48395",10.154689872065
"48397",705.045184896798
"48399",13.8739913499435
"48401",1036.08690363003
"48403",40.1698794003987
"48405",663.747650086298
"48407",97.115340007572
"48409",10555.305274571
"48411",5.03738958082801
"48413",7.03732434320788
"48415",0.844656978475767
"48417",13.8044019873422
"48419",54.5654648958183
"48421",20.9987537524309
"48423",1038.03002382561
"48425",33.7241742862782
"48427",23.0852439251313
"48429",0.128432645723366
"48431",8.11724741035519
"48433",0.000132490089357292
"48437",0.349345128198585
"48439",10840.4232564906
"48441",96.9526158466538
"48445",0.0224419263944599
"48447",0.0306122732561423
"48449",28.0160200500769
"48451",43.7789765013356
"48453",249.674728363798
"48455",1836.24995873901
"48457",1065.72321217126
"48459",2531.15425012045
"48461",17.4622975794469
"48465",0.0039815902984346
"48467",42.0257426986707
"48469",46489.4819955525
"48471",89.9889237979402
"48473",6009.9247237203
"48475",2.0527624106373
"48477",649.451332540937
"48479",21.6080926321375
"48481",133.738084551309
"48483",785.899616418146
"48485",2490.00021362802
"48487",167.761128887865
"48489",14.9395284257675
"48491",104.166399728033
"48493",141.209792510866
"48495",3.78578716583415
"48497",158.83516382072
"48499",265.08481942311
"48501",2.30516074549029
"48503",0.734001396946788
"48505",4.77912560453174
"49003",12673.9635272419
"49005",402.092750647928
"49007",0.251141379227915
"49011",42829.3181536631
"49015",8.08827580982962e-05
"49019",530.957212644464
"49021",0.0238819853126636
"49023",7.36545759977267
"49027",0.000513294005844575
"49029",3287.63703659668
"49033",11.9739529160926
"49035",55371.8543052113
"49039",3.60008561210251
"49041",0.000636266663771295
"49043",452.015914864862
"49045",13117.8650727626
"49049",3400.30434095241
"49051",380.955717785223
"49053",0.0886422040632687
"49057",2688.51267575256
"50001",36.362858972448
"50003",63.8861870097358
"50005",77.8492975346645
"50007",1.5562266264047
"50009",63.8318812178973
"50011",1.86936159728349
"50013",1.8096652115459
"50015",0.255613242155581
"50017",29.6170006394866
"50019",2.51466299645347
"50021",56.0484332908874
"50023",8.21359358578443
"50025",487.922607629379
"50027",1172.58027779775
"51001",2.57873181743193
"51003",272.955213590655
"51005",418.644027176059
"51007",173.161172835355
"51009",1051.50541750835
"51011",333.50564055217
"51013",60.157292844052
"51015",539.221145760756
"51017",96.5117967876931
"51019",569.028547852253
"51021",6399.67822264606
"51023",2302.03252568076
"51025",79.804884367477
"51027",0.89751232197826
"51029",82.9427867340217
"51031",814.841454067271
"51033",2568.31416785703
"51035",7683.90102209842
"51036",1889.49733630469
"51037",201.697794057738
"51041",2008.2934132647
"51043",23979.1026011728
"51045",18893.5648558036
"51047",69.950476025458
"51049",11.9546342461182
"51051",2.65376401865106
"51053",441.098901782494
"51057",44543.7280137812
"51059",31.0756910683318
"51061",487.762737653649
"51063",59340.2742144302
"51065",46.9439212112559
"51067",9931.04852341351
"51069",24151.7780707907
"51071",48025.5365418523
"51073",786.581617799512
"51075",432.574115560143
"51077",157.744504873803
"51079",173.91393069203
"51081",558.062309725426
"51083",559.42674883219
"51085",2666.1087813614
"51087",5107.57306941571
"51089",550.277643295561
"51091",7.53364650673007
"51093",8626.33051975135
"51095",1021.9135189111
"51097",10012.5105391171
"51099",1657.42476589222
"51101",7365.15002860813
"51103",2173.73018634245
"51105",2070.57358432914
"51107",6494.17314341452
"51109",94.4162534910793
"51111",11.4384902747233
"51113",13.3593102607738
"51115",485.292384094423
"51117",103.582590103107
"51119",2645.83725478016
"51121",204648.530199406
"51125",453.539991845438
"51127",3267.25339254856
"51131",1573.5360164683
"51133",1765.94178703597
"51135",3.84868289427695
"51137",76.6503714662204
"51139",32.2956907648961
"51141",3108.02676271294
"51143",481.325493317847
"51145",491.821827917956
"51147",25.8520935512651
"51149",1578.51331607767
"51153",165.01299562248
"51155",71653.1060711927
"51157",6.79251397639989
"51159",18609.8123118297
"51161",41166.5124085508
"51163",467.690084937192
"51165",171.478735618132
"51167",2237.5157238887
"51169",11598.2246183903
"51171",303.577241884854
"51173",28.7970543415165
"51175",2794.80308318584
"51177",619.713798774492
"51179",1254.9906469223
"51181",1810.21172909118
"51183",1581.19040468813
"51185",6.13209236571449
"51187",2591.75640545283
"51191",5015.38292092216
"51193",7741.96150111997
"51195",1723.32246988916
"51197",6524.74130504383
"51199",2430.76732494572
"51510",46.0740563998229
"51515",551.231248767223
"51520",17376.7995890217
"51530",547.672789089832
"51540",167.837564335945
"51550",9845.81099952593
"51570",2177.24717819787
"51580",982.629934156966
"51590",1490.80318664595
"51595",2736.34957958669
"51600",10.1778461239632
"51610",52.0880371992275
"51620",61979.7407143182
"51630",8869.83669883967
"51640",236.197663274982
"51650",17458.8007507005
"51660",329.823939800642
"51670",32886.5513318259
"51678",471.564298304443
"51680",598.963530537454
"51683",59.9127063476789
"51685",43.7459348534594
"51690",508.448554759537
"51700",16671.5303561138
"51710",90580.0035714808
"51720",4435.62077546309
"51730",1835.25336768253
"51735",6347.53356280478
"51740",57257.9511794722
"51750",289798.043386249
"51760",35908.5266012684
"51770",6463.51273499713
"51775",49564.8761811489
"51790",699.625280771467
"51800",5266.4863517388
"51810",6042.28483507906
"51820",3144.28366878597
"51830",835.88043201741
"51840",27489.8409098351
"53001",0.542220740118084
"53003",95.3968778984717
"53005",190.43419139785
"53007",12.6074984074713
"53009",12.1765073284146
"53011",20488.847577907
"53013",0.0445605390966995
"53015",28411.282532102
"53017",8.70493061101717
"53019",0.0831730358526309
"53021",167.358639885705
"53023",77.7281307440172
"53025",2.4680798642609
"53027",47.9004216986958
"53029",1062.36463775553
"53031",320.188637767517
"53033",1689.64776939871
"53035",2417.68954524485
"53037",2.64018826304431
"53039",63.099813516869
"53041",1478.17861592179
"53043",11.2965292930556
"53045",224.060200539717
"53049",163.151205186798
"53051",25.8413762966264
"53053",366.691350922388
"53055",205.789509306111
"53057",935.725487355609
"53059",1280.4162703743
"53061",1877.83320995918
"53063",1426.75110735171
"53065",10.6526129576185
"53067",236.095856372724
"53069",4507.43745491349
"53071",1021.81522800175
"53073",2530.28724162647
"53075",131.785653961091
"53077",317.00207497525
"54001",889.475076490138
"54003",168867.467060866
"54005",386.63785267585
"54007",1365.83992369026
"54009",14684.0388706179
"54011",9997.06272478286
"54013",180.720516559815
"54015",153.411789182742
"54017",415.512912570583
"54019",251.059976554221
"54021",367.417233051074
"54023",306.532740842357
"54025",81.7430746448175
"54027",4533.2873115195
"54029",15702.785949606
"54031",159.088893931914
"54033",1768.89329578561
"54035",799.750164936355
"54037",52022.289377407
"54039",2421.70750324744
"54041",768.177068979979
"54043",1911.03721027867
"54045",101.92743387671
"54047",2.84169195965088
"54049",12275.6287505231
"54051",9566.55184638032
"54053",1459.89007568074
"54055",4551.38454352404
"54057",1857.83962938391
"54059",1.43076413820598
"54061",10658.3911244081
"54063",15997.1251261904
"54065",21791.8682510911
"54067",82.9028354448492
"54069",3555.38116279776
"54071",3.1052553890637
"54073",18815.0974187998
"54075",26.5435616212296
"54077",1846.4382236794
"54079",2196.38797327579
"54081",118.902236320736
"54083",17.5415868445509
"54085",1834.61823537562
"54087",94.9992098241807
"54089",2092.30229295978
"54091",3213.7686002226
"54093",220.656337684305
"54095",1955.19718056066
"54097",281.18962197796
"54099",1454.4654115644
"54101",137.145617747108
"54103",2293.47060186036
"54105",2141.02666957584
"54107",11550.4916246728
"54109",31.2686817509199
"55001",209.815120932758
"55003",113.576368209253
"55005",83.1245853844881
"55007",46.0029660551049
"55009",7839.25265986267
"55011",101.391932133284
"55013",35.5901373404277
"55015",7051.60368703476
"55017",2038.10409062551
"55019",750.754961111325
"55021",1975.88879816059
"55023",20.4964383824725
"55025",590.987859780195
"55027",24679.2292727401
"55029",967.565383371418
"55031",40.7156117303391
"55033",418.904706587716
"55035",1088.69614559179
"55037",75.5816982516912
"55039",36676.0965736471
"55041",24.628443452949
"55043",497.962446496199
"55045",6238.33408652956
"55047",6600.36354276571
"55049",181.633722139947
"55051",206.444657515482
"55053",84.9594212508041
"55055",3459.19351379458
"55057",1316.75081708964
"55059",4099.67922344129
"55061",319.78940487574
"55063",30.4482991101204
"55065",610.806893036579
"55067",335.760969757921
"55069",1856.10034640334
"55071",1246.97875006274
"55073",6655.85092133993
"55075",1676.60447885081
"55077",540.509399821019
"55078",243.696358554313
"55079",16432.8694466681
"55081",214.534564696004
"55083",797.420816317537
"55085",503.65569482806
"55087",13619.9880282571
"55089",3527.26721040511
"55091",401.882905716982
"55093",945.549695738674
"55095",94.9859842636381
"55097",728.289390771637
"55099",829.699144821887
"55101",8422.90242235853
"55103",43.8052140867038
"55105",11326.5921351883
"55107",155.473798115335
"55109",1121.62922415757
"55111",112.476633408998
"55113",253.22449388008
"55115",1132.22457919149
"55117",1790.31598383802
"55119",358.918149628433
"55121",94.5585963155132
"55123",96.7491301996824
"55125",42.0349353072219
"55127",8222.58410510731
"55129",147.592609650338
"55131",6996.53962073338
"55133",23725.8660117767
"55135",2202.13721750892
"55137",518.261993961872
"55139",11414.0530719393
"55141",4281.6556098147
"56001",0.692687802731127
"56003",1.89583134452594
"56005",22.0572457039795
"56007",32.6593930644411
"56009",15.4012710243145
"56011",0.330801063802439
"56015",14.5470083171437
"56017",0.667976821347296
"56019",7.8440653981572
"56021",13.615647567451
"56023",48.7743990909676
"56025",34.6132795312914
"56027",0.612192432998569
"56029",0.385870399892288
"56037",9.84341936847192
"56041",1.68698401698338
"56043",3.63582839823915
"56045",2.81893991078289
