Id,concentration
1001,2000.48
1003,2966.09
1005,562.31
1007,4180.23
1009,462.05
1011,1000.76
1013,189.38
1015,3570.53
1017,343.35
1019,6004.09
1021,423.58
1023,1185.77
1025,723.52
1027,183.23
1029,1086.94
1031,1086.46
1033,1676.79
1035,1190.23
1037,253.54
1039,52.02
1041,1409.74
1043,893.31
1045,4244.80
1047,195.85
1049,1058.66
1051,1886.09
1053,2303.45
1055,2377.79
1057,1664.22
1059,539.90
1061,2663.39
1063,4246.03
1065,7353.07
1067,2403.12
1069,19625.12
1071,470.36
1073,11678.52
1075,1481.73
1077,2950.27
1079,10310.20
1081,819.77
1083,16867.61
1085,3676.26
1087,406.96
1089,2471.94
1091,5887.74
1093,2705.13
1095,3734.83
1097,8504.31
1099,3181.60
1101,11303.05
1103,27635.14
1105,550.69
1107,901.55
1109,6290.44
1111,167.06
1113,564.93
1115,1284.17
1117,2699.72
1119,2895.96
1121,1931.46
1123,106.81
1125,27190.25
1127,1330.76
1129,460.10
1131,537.17
1133,436.31
4001,0.05
4003,2.00
4005,42.53
4007,36809.49
4009,4850.20
4012,19.91
4013,1804.17
4015,44.69
4017,0.13
4019,615.48
4021,4851.63
4023,18.56
4025,125.49
4027,3.99
5001,357.59
5003,1160.04
5005,371.12
5007,20028.63
5009,2.55
5011,311.87
5013,830.33
5015,9618.41
5017,73.50
5019,888.87
5021,121.82
5023,113.54
5025,350.38
5027,2084.28
5029,993.75
5031,114.32
5033,299.44
5035,5044.07
5037,927.20
5039,589.16
5041,3701.61
5043,655.84
5045,4038.17
5047,699.64
5049,39.86
5051,30433.34
5053,9678.04
5055,31.23
5057,363.60
5059,11719.96
5061,566.11
5063,245.97
5065,37.65
5067,138.93
5069,1563.69
5071,1914.39
5073,166.99
5075,29.12
5077,95.74
5079,737.16
5081,1773.05
5083,306.58
5085,1613.92
5087,1976.67
5089,58.90
5091,251.97
5093,835.46
5095,520.52
5097,746.60
5099,161.78
5101,100.14
5103,1063.04
5105,1163.45
5107,12.58
5109,336.94
5111,1089.92
5113,371.77
5115,770.86
5117,5431.81
5119,4712.88
5121,6.54
5123,364.90
5125,6099.62
5127,12.90
5129,8.17
5131,227.67
5133,408.45
5135,48.36
5137,23.67
5139,14204.86
5141,161.21
5143,10344.80
5145,586.63
5147,296.67
5149,187.82
6001,6172.68
6003,2.37
6005,764.19
6007,496.56
6009,233.97
6011,273.56
6013,1725.96
6015,22.93
6017,207.59
6019,83.88
6021,1667.93
6023,267.97
6025,48.85
6027,76.98
6029,23.74
6031,2.80
6033,56.29
6035,924.56
6037,2120.10
6039,237.64
6041,228.93
6043,39.01
6045,323.05
6047,59.52
6049,213.84
6051,0.04
6053,85.41
6055,202.13
6057,2151.38
6059,59888.90
6061,1034.63
6063,1665.01
6065,6480.72
6067,466.83
6069,23.99
6071,2941.79
6073,1449.15
6075,1725.82
6077,3036.90
6079,1.82
6081,1972.62
6083,2.81
6085,889.67
6087,164.41
6089,27.48
6091,9562.85
6093,410.98
6095,641.57
6097,230.47
6099,286.43
6101,118.31
6103,62.28
6105,10.43
6107,4.44
6109,15.95
6111,161.48
6113,50.15
6115,143.45
8001,1341.35
8003,0.05
8005,925.26
8011,0.03
8013,242.24
8014,1192.99
8019,48.76
8021,0.04
8023,0.19
8025,16.21
8027,4.31
8029,201.46
8031,2576.12
8035,210.49
8039,81.75
8041,1650.63
8043,67.62
8045,160.54
8047,121.31
8049,0.13
8051,4.71
8055,10.24
8059,679.35
8061,0.03
8067,1.56
8069,1.74
8071,0.04
8073,0.63
8075,2.97
8077,2710.98
8085,32.39
8089,10.26
8091,8.76
8093,22.50
8099,0.16
8101,132.47
8119,341.30
8123,93.96
9001,7349.28
9003,90978.27
9005,14847.08
9007,21187.93
9009,27686.99
9011,2815.11
9013,26382.10
9015,3407.31
10001,2791.91
10003,5616.79
10005,6089.29
11001,98.37
12001,1625.29
12003,8.22
12005,1041.92
12007,262.50
12009,277.58
12011,639.30
12013,199.88
12015,46.56
12017,1.81
12019,637.12
12021,10.97
12023,57.96
12027,0.15
12029,53.86
12031,193.63
12033,960.01
12035,2483.00
12037,24.80
12039,67.96
12041,266.08
12043,390.32
12045,242.01
12047,215.25
12049,99.49
12051,388.82
12053,2.21
12055,69.27
12057,5702.54
12059,616.90
12061,0.44
12063,2408.58
12065,104.70
12067,374.86
12069,111.64
12071,351.69
12073,7.34
12075,66.07
12077,191.76
12079,518.98
12081,1496.45
12083,268.97
12085,457.68
12086,693.40
12087,0.01
12089,776.49
12091,92.67
12093,110.47
12095,805.17
12097,226.85
12099,754.29
12101,884.29
12103,3951.34
12105,1362.84
12107,6238.83
12109,511.05
12111,34.05
12113,1847.44
12115,163.36
12117,337.10
12119,6.96
12121,106.71
12123,1532.75
12125,101.48
12127,4894.24
12129,13.16
12131,10.15
12133,157.77
13001,312.52
13003,3454.25
13005,1356.36
13007,28.76
13009,1954.94
13011,1577.54
13013,4701.21
13015,1581.85
13017,1385.47
13019,1956.35
13021,2069.23
13023,203.39
13025,195.82
13027,910.51
13029,572.57
13031,76.50
13033,907.42
13035,615.08
13037,19.16
13039,643.50
13043,2.40
13045,11224.87
13047,6139.98
13049,9.18
13051,755.75
13053,460.31
13055,1006.98
13057,5761.95
13059,46423.13
13061,58.10
13063,1698.92
13065,413.09
13067,1978.29
13069,11337.01
13071,223.25
13073,2117.98
13075,1270.06
13077,3413.07
13079,510.10
13081,904.53
13083,2002.37
13085,2986.05
13087,65.63
13089,7668.87
13091,14.95
13093,2430.53
13095,317.83
13097,2860.04
13099,789.87
13101,507.55
13103,562.40
13105,621.23
13107,3.19
13109,48.06
13111,999.89
13113,1433.12
13115,847.21
13117,2701.97
13119,1408.09
13121,3672.61
13123,1007.46
13125,260.46
13127,1084.64
13129,1451.75
13131,1.99
13133,498.44
13135,3916.91
13137,999.38
13139,1170.19
13141,195.33
13143,2415.66
13145,358.53
13147,937.51
13149,475.87
13151,1255.95
13153,660.82
13155,1721.23
13157,3462.80
13159,1634.04
13161,1324.62
13163,360.79
13165,41.60
13167,7.51
13169,691.73
13171,179.92
13173,1437.10
13175,25.67
13177,313.20
13179,1488.27
13181,236.68
13183,2366.76
13185,4524.70
13187,862.35
13189,1349.43
13191,729.30
13193,390.96
13195,3625.70
13197,179.09
13199,111.57
13201,158.38
13205,41.44
13207,574.18
13209,6.65
13211,1461.87
13213,2743.49
13215,1531.24
13217,8168.07
13219,2874.45
13221,3442.78
13223,969.69
13225,399.67
13227,3106.24
13229,159.43
13231,59.72
13233,1046.25
13235,410.49
13237,575.79
13239,107.95
13241,286.52
13243,25.46
13245,10293.09
13247,2501.19
13249,146.58
13251,212.73
13253,487.21
13255,319.02
13257,5696.50
13259,270.02
13261,492.60
13263,110.87
13265,162.52
13267,212.35
13269,76.95
13271,488.07
13273,47.54
13275,115.63
13277,250.29
13279,11.74
13281,32.06
13283,4.46
13285,585.38
13287,256.23
13289,1446.59
13291,4.54
13293,51.37
13295,5244.46
13297,3992.29
13299,550.57
13301,641.10
13303,134.00
13305,2252.72
13307,96.04
13309,4.88
13311,392.26
13313,3615.44
13315,527.30
13317,280.88
13319,610.00
13321,192.19
16001,81.45
16005,6272.87
16007,4794.77
16009,95.99
16011,1364.07
16013,10.41
16015,17.34
16017,79.65
16019,792.96
16023,2.98
16027,19.46
16029,17079.81
16031,0.00
16033,0.56
16035,39.00
16037,0.21
16039,20.66
16041,1488.84
16045,11.54
16049,32.51
16051,0.52
16053,0.00
16055,358.91
16057,88.37
16061,48.25
16063,0.00
16067,0.00
16069,172.79
16071,69.29
16073,1.23
16075,4.53
16077,9969.05
16079,0.81
16083,0.00
16087,0.28
17001,2177.73
17003,188.04
17005,205.11
17007,23192.49
17009,61.14
17011,880.29
17013,779.09
17015,1298.91
17017,4.21
17019,1717.68
17021,499.99
17023,2292.74
17025,46.85
17027,268.16
17029,3010.21
17031,40837.99
17033,1402.25
17035,316.07
17037,6494.84
17039,1215.24
17041,4072.48
17043,34720.68
17045,5893.12
17047,227.90
17049,25.61
17051,64.54
17053,738.43
17055,132.72
17057,752.31
17059,261.22
17061,132.90
17063,6295.37
17065,101.69
17067,691.48
17069,296.07
17071,817.52
17073,17141.93
17075,279.72
17077,18.12
17079,158.40
17081,863.24
17083,2241.59
17085,486.80
17087,28.35
17089,5141.36
17091,1569.54
17093,3876.82
17095,193.33
17097,7041.21
17099,10959.02
17101,369.05
17103,2156.97
17105,1612.11
17107,715.70
17109,1846.17
17111,14221.76
17113,362.18
17115,6765.75
17117,533.37
17119,9697.53
17121,559.71
17123,2002.10
17125,655.97
17127,1355.70
17129,44.72
17131,40909.98
17133,15212.47
17135,51.27
17137,1.54
17139,1584.55
17141,11420.90
17143,8947.82
17145,75.34
17147,2221.67
17149,1016.70
17151,895.97
17153,151.61
17155,2390.49
17157,878.79
17159,140.61
17161,128715.97
17163,7086.96
17165,24.73
17167,533.33
17169,207.70
17171,63.42
17173,281.42
17175,547.30
17177,5005.95
17179,7141.63
17181,48.27
17183,676.11
17185,685.78
17187,317.01
17189,129.62
17191,112.33
17193,317.90
17195,4993.87
17197,8454.85
17199,14.22
17201,56298.47
17203,2816.98
18001,1605.62
18003,5770.93
18005,18975.79
18007,94.67
18009,4110.90
18011,4165.96
18013,3416.77
18015,798.06
18017,712.05
18019,78140.43
18021,1101.44
18023,3197.55
18025,8501.54
18027,255.50
18029,15442.46
18031,5649.79
18033,3092.17
18035,8066.29
18037,568.47
18039,11861.18
18041,5802.38
18043,484726.32
18045,1233.75
18047,18083.10
18049,1140.84
18051,4925.73
18053,14943.14
18055,118.92
18057,11147.60
18059,6454.16
18061,82833.97
18063,6465.33
18065,3557.71
18067,11638.22
18069,1659.98
18071,2481.95
18073,147.64
18075,3036.70
18077,13417.17
18079,4188.04
18081,15846.84
18083,401.00
18085,16082.03
18087,1498.45
18089,13415.81
18091,19730.73
18093,431.89
18095,50211.64
18097,23612.24
18099,3019.50
18101,39.84
18103,3233.52
18105,772.00
18107,1281.65
18109,4011.43
18111,105.51
18113,3347.20
18115,7220.91
18117,1055.42
18119,279.85
18121,1596.80
18123,2105.46
18125,1407.56
18127,11333.87
18129,2857.83
18131,46.08
18133,1070.28
18135,1372.91
18137,16072.40
18139,3004.93
18141,5423.50
18143,9358.70
18145,8112.20
18147,6906.47
18149,1040.34
18151,2980.36
18153,818.39
18155,5229.25
18157,1361.92
18159,20163.13
18161,6160.87
18163,17227.19
18165,2209.81
18167,13683.71
18169,3564.83
18171,521.45
18173,8560.15
18175,30563.55
18177,13097.42
18179,1145.16
18181,105.28
18183,4004.68
19001,16.05
19003,6.35
19005,13.60
19007,9.38
19009,0.77
19011,1256.54
19013,273.41
19015,13.93
19017,46.88
19019,214.21
19021,40.24
19023,48.56
19025,1.46
19027,0.13
19029,5.32
19031,90004.99
19033,597.03
19035,6.39
19037,48.84
19039,4625.88
19041,1.61
19043,19.00
19045,57533.69
19047,0.08
19049,43.91
19051,17.28
19053,408.01
19055,130.55
19057,2662.12
19059,0.12
19061,1489.10
19063,2.51
19065,17.27
19067,84.69
19069,1174.85
19071,4.89
19073,5.56
19075,274.62
19077,3.37
19079,225.27
19081,1491.05
19083,373.14
19085,11.20
19087,9452.30
19089,418.32
19091,182.26
19093,2.86
19095,630.15
19097,400.42
19099,343.40
19101,992.84
19103,2122.65
19105,2873.18
19107,91.47
19109,67.12
19111,1677.39
19113,6850.46
19115,6026.60
19117,250.98
19119,45.02
19121,372.81
19123,294.50
19125,516.04
19127,4089.57
19129,33.33
19131,33.26
19133,6.79
19135,121.40
19137,2.04
19139,204637.28
19141,1.32
19143,0.16
19145,5.40
19147,1.12
19149,52.30
19151,2.90
19153,59.00
19155,52.09
19157,252.31
19159,115.23
19161,5.89
19163,951488.30
19165,2.45
19167,27.65
19169,187.99
19171,550.97
19173,3.72
19175,345.30
19177,452.26
19179,110.69
19181,260.86
19183,1843.61
19185,108.74
19187,26.80
19189,75.65
19191,211.92
19193,82.85
19195,34.43
19197,5163.90
20001,164.93
20003,11.46
20005,704.73
20007,2.76
20009,1.96
20011,44.90
20013,21.12
20015,7585.07
20017,9.86
20019,87.37
20021,1611.08
20025,0.23
20027,0.18
20029,1.96
20031,9.69
20033,0.00
20035,10695.02
20037,394.14
20039,0.03
20041,8.26
20043,159.96
20045,2308.16
20047,0.09
20049,61.50
20051,0.01
20053,55.19
20055,16.43
20057,1.71
20059,37.07
20061,0.54
20067,2.17
20069,1.04
20073,28.14
20075,0.76
20077,33.09
20079,8212.92
20081,10.21
20083,0.34
20085,4090.09
20087,3190.70
20089,0.12
20091,1368.72
20093,5.45
20095,274.92
20097,0.10
20099,5781.53
20101,0.90
20103,758.35
20105,0.34
20107,3.31
20111,47.58
20113,1361.89
20115,109.09
20117,506.53
20119,32.35
20121,57.92
20123,0.12
20125,786.38
20127,1.90
20129,0.11
20131,0.05
20133,2381.94
20135,0.00
20137,0.02
20139,939.40
20141,0.01
20143,0.41
20145,0.28
20147,0.00
20149,1199.89
20153,0.03
20155,377.60
20157,145.88
20159,127.90
20161,0.14
20163,0.00
20165,0.18
20167,0.13
20169,152.14
20171,4.04
20173,52938.33
20175,331.01
20177,19686.35
20183,0.03
20185,0.53
20187,0.10
20189,16.21
20191,7637.42
20195,0.00
20197,4108.29
20201,534.03
20203,4.98
20205,575.92
20207,99.24
20209,10161.61
21001,115.96
21003,5213.72
21005,3137.52
21007,471.16
21009,4061.39
21011,57.90
21013,2.49
21015,8715.93
21017,784.96
21019,4378.53
21021,3680.50
21023,89.53
21025,0.00
21027,498.45
21029,35322.78
21031,5473.36
21033,5438.56
21035,232.65
21037,5911.16
21039,219.15
21041,4714.79
21043,534.32
21045,464.69
21047,388.28
21049,812.70
21051,2.53
21053,0.09
21055,2489.99
21057,4.70
21059,8740.77
21061,5620.81
21063,76.90
21065,554.54
21067,3077.89
21069,46.97
21071,0.00
21073,1151.29
21075,87.97
21077,3294.80
21079,2941.52
21081,1416.23
21083,490.50
21085,989.37
21087,758.81
21089,1165.90
21091,4997.12
21093,7674.40
21095,0.56
21097,1343.51
21099,10029.54
21101,6885.07
21103,1484.56
21105,49.08
21107,2164.04
21109,340.89
21111,260757.91
21113,6790.42
21115,9.01
21117,9320.29
21119,0.00
21121,5.41
21123,525.23
21125,57.06
21127,402.91
21129,81.98
21131,0.00
21133,0.00
21135,85.73
21137,1619.70
21139,10935.15
21141,7120.01
21143,3551.59
21145,1751.90
21147,8.49
21149,2430.70
21151,4508.75
21153,0.02
21155,1036.95
21157,15014.64
21159,4.79
21161,68.49
21163,20183.41
21165,19.02
21167,13858.02
21169,672.91
21171,179.15
21173,81.64
21175,9.79
21177,488.23
21179,3139.60
21181,256.08
21183,595.05
21185,37386.07
21187,1245.15
21189,21.94
21191,632.68
21193,0.00
21195,0.00
21197,227.06
21199,87.00
21201,200.29
21203,530.44
21205,273.81
21207,6.80
21209,8588.03
21211,6809.16
21213,10542.44
21215,11635.51
21217,204.01
21219,105.46
21221,545.20
21223,4326.50
21225,1526.67
21227,21091.82
21229,1677.27
21231,14.96
21233,2027.93
21235,9.36
21237,1.92
21239,4912.37
22001,4.07
22003,427.46
22005,57753.51
22007,10224.23
22009,388.70
22011,3217.63
22013,454.28
22015,1721.51
22017,6646.02
22019,17918.89
22021,147.32
22023,4417.61
22025,423.22
22027,1156.61
22029,1822.39
22031,378.52
22033,20875.27
22035,59.28
22037,1962.39
22039,61.92
22041,22.91
22043,452.14
22045,365.46
22047,13704.90
22049,503.81
22051,12556.81
22053,800.56
22055,40.33
22057,7612.06
22059,187.11
22061,1156.46
22063,18665.63
22065,666.34
22067,784.62
22069,204.76
22071,5559.23
22073,1188.33
22075,266.86
22077,1850.82
22079,550.24
22081,456.10
22083,84.99
22085,28.56
22087,698.95
22089,60027.87
22091,196.97
22093,45988.52
22095,198643.98
22097,154.03
22099,1255.35
22101,1505.22
22103,1570.58
22105,3837.67
22107,404.80
22109,781.81
22111,1576.89
22113,3.79
22115,1035.56
22117,267.25
22119,427.42
22121,23350.75
22123,20.10
22125,1871.19
22127,244.79
23001,1015.47
23003,171.03
23005,6039.87
23007,119.93
23009,10.35
23011,114.41
23013,91.14
23015,135.27
23017,107.31
23019,27.37
23021,3.12
23023,1279.19
23025,56.85
23027,23.25
23029,75.03
23031,3765.98
24001,4276.34
24003,2200.83
24005,5919.89
24009,10.00
24011,2834.15
24013,1704.67
24015,1220.36
24017,809.38
24019,1243.06
24021,5726.58
24023,1072.86
24025,2907.03
24027,1024.25
24029,2860.73
24031,242.03
24033,266.24
24035,1245.28
24037,1789.32
24039,321.89
24041,874.39
24043,34209.63
24045,6481.98
24047,852.37
24510,9216.30
25001,418.46
25003,377.22
25005,4362.57
25007,212.62
25009,867.69
25011,2013.89
25013,37354.78
25015,8071.03
25017,2192.99
25019,0.00
25021,8022.67
25023,2976.96
25025,2483.52
25027,2465.71
26001,118.62
26003,39.07
26005,1024.81
26007,240.46
26009,83.76
26011,384.44
26013,9.97
26015,1340.19
26017,1988.14
26019,13.65
26021,3327.13
26023,1276.08
26025,6061.40
26027,4375.20
26029,44.77
26031,80.94
26033,29.17
26035,96.26
26037,105.60
26039,337.17
26041,108.44
26043,391.35
26045,2086.64
26047,20.13
26049,1539.30
26051,354.96
26053,1.43
26055,0.79
26057,654.82
26059,2701.66
26061,2.43
26063,94.88
26065,2738.38
26067,1017.60
26069,492.72
26071,123.75
26073,1112.20
26075,22968.35
26077,909.15
26079,80.54
26081,12092.03
26083,0.03
26085,5.49
26087,927.57
26089,0.46
26091,3420.14
26093,1359.40
26095,99.48
26097,28.05
26099,4664.21
26101,40.05
26103,79.00
26105,17.28
26107,662.36
26109,2906.22
26111,3641.36
26113,18.56
26115,16182.39
26117,3388.14
26119,115.09
26121,22049.28
26123,1271.73
26125,5791.72
26127,1318.39
26129,2379.32
26131,24.90
26133,24.15
26135,448.13
26137,534.59
26139,7141.53
26141,55.54
26143,380.59
26145,2227.40
26147,293.24
26149,1214.27
26151,82.76
26153,58.81
26155,274.84
26157,4457.25
26159,287.55
26161,4646.03
26163,22561.65
26165,5.05
27001,33.11
27003,2411.08
27005,5.00
27007,795.30
27009,283.30
27011,1.05
27013,99.45
27015,11.59
27017,129.50
27019,659.86
27021,122.47
27023,2.00
27025,804.84
27027,22.16
27029,387.49
27033,0.18
27035,0.39
27037,10192.25
27039,53.86
27041,165.91
27043,12.16
27045,74.28
27047,111.57
27049,1193.49
27051,9.68
27053,4441.47
27055,25.42
27057,766.65
27059,340.46
27061,83.20
27063,0.49
27065,54.76
27067,53.40
27069,0.00
27071,135.66
27073,0.74
27075,1.02
27077,0.31
27079,291.40
27081,19.21
27083,1.76
27085,30.79
27087,57.34
27089,0.18
27091,16.44
27093,257.32
27095,31.61
27097,152.55
27099,17.35
27101,0.06
27103,86.22
27105,0.04
27107,3.14
27109,22.24
27111,4.61
27113,0.07
27115,73.92
27117,16.71
27119,13.35
27121,31.45
27123,8726.29
27125,0.06
27127,0.96
27129,2.15
27131,576.58
27133,10.11
27135,0.15
27137,46.19
27139,2999.83
27141,394.92
27143,61.16
27145,1687.81
27147,126.15
27149,5.09
27151,15.04
27153,55.20
27155,0.03
27157,274.07
27159,0.10
27161,57.25
27163,3812.04
27165,9.55
27167,2.79
27169,124.41
27171,345.50
27173,2.25
28001,4471.83
28003,79.66
28005,30.96
28007,61.29
28009,97.27
28011,121.18
28013,149.55
28015,693.94
28017,408.41
28019,313.37
28021,337.00
28023,335.21
28025,1483.31
28027,6.00
28029,633.13
28031,1303.09
28033,2295.11
28035,1752.66
28037,212.32
28039,335.95
28041,50.20
28043,2161.96
28045,1718.82
28047,661.00
28049,6425.31
28051,7.78
28053,29.83
28055,254.70
28057,1078.76
28059,4765.43
28061,1215.64
28063,344.46
28065,215.82
28067,2662.47
28069,474.92
28071,1715.36
28073,265.57
28075,1349.98
28077,230.32
28079,27.78
28081,1201.60
28083,156.53
28085,47.15
28087,1998.68
28089,6080.68
28091,105.23
28093,441.70
28095,3810.16
28097,627.10
28099,395.84
28101,1091.35
28103,569.44
28105,1405.27
28107,421.80
28109,198.28
28111,572.92
28113,27.41
28115,190.64
28117,81.56
28119,31.93
28121,5261.14
28123,231.01
28125,39.38
28127,1243.66
28129,2598.12
28131,70.61
28133,1.68
28135,215.54
28137,366.05
28139,11.33
28141,109.74
28143,290.20
28145,143.15
28147,71.47
28149,2628.38
28151,26.44
28153,374.31
28155,118.11
28157,425.86
28159,4177.56
28161,989.75
28163,995.66
29001,5.04
29003,30.90
29005,1.14
29007,878.59
29009,207146.70
29011,846.87
29013,2.37
29015,44.29
29017,163.91
29019,423.49
29021,336.06
29023,463.68
29025,201.01
29027,93.36
29029,1993.63
29031,529.13
29033,192.12
29035,9.47
29037,235.80
29039,51.09
29041,72.75
29043,3256.32
29045,305.10
29047,3109.61
29049,199.65
29051,67.12
29053,71.60
29055,538.45
29057,574.21
29059,2959.36
29061,163.20
29063,4.49
29065,948.66
29067,1187.54
29069,609.28
29071,852.19
29073,21.34
29075,0.77
29077,24055.67
29079,224.26
29081,5.42
29083,6.33
29085,39.21
29087,14.72
29089,37.73
29091,271.39
29093,8106.13
29095,3866.32
29097,2524.46
29099,24111.17
29101,35.63
29103,15.48
29105,17494.81
29107,87.47
29109,16786.10
29111,778.03
29113,305.50
29115,274.19
29117,2469.58
29119,19495.91
29121,112.55
29123,728.30
29125,19.17
29127,3429.43
29129,0.01
29131,142.04
29133,164.56
29135,32.86
29137,304.11
29139,226.74
29141,60.08
29143,1121.54
29145,10031.71
29147,2.35
29149,18.67
29151,19.59
29153,150.91
29155,369.35
29157,16.14
29159,723.56
29161,25.60
29163,1333.81
29165,851.42
29167,2764.31
29169,1085.38
29171,0.13
29173,4549.19
29175,110.12
29177,248.91
29179,1648.94
29181,0.71
29183,3114.91
29185,0.36
29186,1794.27
29187,1829.45
29189,16802.77
29195,37.05
29197,0.67
29199,9.42
29201,442.11
29203,119.87
29205,135.95
29207,3085.62
29209,12029.38
29211,40.33
29213,18.98
29215,1156.64
29217,72.27
29219,322.06
29221,1218.56
29223,556.62
29225,9454.99
29227,0.38
29229,6351.88
29510,52983.27
30003,43.81
30007,16198.58
30009,27.63
30013,261.05
30015,1.28
30029,1572.63
30031,1.65
30035,408.15
30037,14.49
30039,271.24
30043,17626.39
30045,0.40
30047,542.45
30049,43216.62
30053,19.87
30057,0.83
30059,13981.37
30061,109.71
30063,1397.23
30065,17.43
30077,5440.29
30081,125.05
30083,0.00
30085,0.00
30089,57.00
30091,0.00
30095,24.38
30097,2.65
30099,0.22
30111,243.40
31001,348.62
31003,28.96
31005,0.00
31007,12.62
31011,2.99
31013,0.55
31015,0.02
31019,1190.45
31021,5.15
31023,1606.98
31025,408.12
31027,297.16
31033,5.36
31035,54.12
31037,22.17
31039,25.30
31041,21.24
31043,131.31
31045,0.00
31047,153.95
31051,44.74
31053,131.57
31055,956.82
31059,155.07
31061,28.22
31063,6.01
31065,1.33
31067,7523.80
31069,0.00
31071,0.01
31073,36.85
31079,203.94
31081,28.86
31083,13.13
31085,0.03
31087,0.06
31089,0.14
31093,4.31
31095,4508.03
31097,605.95
31099,492.38
31101,0.00
31103,0.04
31105,20.67
31107,49.30
31109,8556.78
31111,4.05
31113,0.00
31117,0.00
31119,227.94
31121,2.94
31123,9.64
31125,0.88
31127,11.10
31129,15.00
31131,367.93
31133,511.75
31135,0.00
31137,184.35
31139,101.02
31141,27.76
31143,191.20
31145,0.35
31147,1.51
31149,0.03
31151,1782.43
31153,272.08
31155,986.79
31157,35.19
31159,6565.31
31161,0.01
31163,192.29
31165,5.43
31167,185.50
31169,632.40
31173,12.41
31177,94.95
31179,77.82
31181,14.87
31185,308.68
32001,0.17
32003,12.88
32005,56.91
32007,0.10
32009,0.28
32011,0.11
32013,0.09
32015,0.58
32017,0.00
32019,80.68
32021,0.35
32023,1.34
32027,0.02
32029,2802.17
32031,6251.31
32510,1616.76
33001,429.71
33003,38.75
33005,1568.78
33007,103.84
33009,597.64
33011,1921.03
33013,4865.68
33015,2128.53
33017,4324.10
33019,14778.70
34001,246.61
34003,24250.15
34005,4222.10
34007,12099.31
34009,20.84
34011,727.52
34013,24787.65
34015,5296.43
34017,68557.85
34019,30133.05
34021,17503.66
34023,18864.20
34025,3403.07
34027,13866.47
34029,519.90
34031,11194.62
34033,4490.02
34035,38415.16
34037,2514.31
34039,14989.47
34041,12499.27
35001,1338.12
35005,1023.92
35006,24.36
35007,0.03
35009,0.00
35013,156.67
35015,142.98
35025,11.20
35027,189.58
35029,0.04
35031,54.71
35035,44.21
35039,5.79
35041,0.00
35043,219.38
35045,16.51
35049,74.93
35051,6.26
35053,0.05
35055,0.03
35057,106.97
35061,225.09
36001,2046.17
36003,571.38
36005,8883.45
36007,163.17
36009,1930.20
36011,1334.56
36013,5038.24
36015,47.48
36017,692.17
36019,0.54
36021,284.17
36023,2015.59
36025,115.39
36027,301.59
36029,4267.57
36031,22.42
36033,13.47
36035,268.24
36037,2019.01
36039,280.47
36041,88.75
36043,1826.90
36045,11.02
36047,9990.71
36049,38.94
36051,2584.86
36053,1538.07
36055,28713.63
36057,427.59
36059,2070.09
36061,18869.06
36063,5046.37
36065,2931.58
36067,8160.57
36069,2846.88
36071,1151.38
36073,1922.93
36075,1393.07
36077,435.73
36079,812.84
36081,5336.23
36083,1219.50
36085,7647.40
36087,6982.90
36089,24.39
36091,1287.97
36093,2075.46
36095,122.53
36097,42.48
36099,1422.74
36101,312.45
36103,1196.24
36105,23.14
36107,96.68
36109,255.90
36111,214.14
36113,520.22
36115,501.44
36117,7056.89
36119,2825.36
36121,291.59
36123,228.07
37001,509.53
37003,1903.12
37005,844.39
37007,660.71
37009,250.57
37011,78.11
37013,624.41
37015,838.21
37017,2240.18
37019,14838.78
37021,491.10
37023,585.82
37025,1355.77
37027,883.81
37029,807.61
37031,2.00
37033,296.12
37035,3006.28
37037,3718.76
37039,256.09
37041,421.51
37043,0.32
37045,1432.39
37047,3352.54
37049,905.69
37051,802.14
37053,570.82
37057,1415.59
37059,885.84
37061,1046.30
37063,910.81
37065,1316.55
37067,1776.17
37069,194.07
37071,9286.48
37073,599.61
37075,80.26
37077,163.97
37079,2600.36
37081,1147.64
37083,439.52
37085,1961.89
37087,482.47
37089,522.00
37091,679.87
37093,1464.99
37095,28.54
37097,2008.57
37099,20.16
37101,1023.35
37103,254.46
37105,5319.57
37107,966.82
37109,2206.49
37111,51.73
37113,0.98
37115,251.69
37117,1961.88
37119,3745.35
37121,280.23
37123,3821.31
37125,1344.41
37127,398.22
37129,26543.55
37131,955.85
37133,1940.16
37135,607.04
37137,81.56
37139,115.34
37141,22030.61
37143,126.30
37145,280.72
37147,8239.77
37149,1300.50
37151,4698.68
37153,1286.70
37155,1641.10
37157,1133.28
37159,1774.46
37161,667.67
37163,723.41
37165,7586.91
37167,3657.06
37169,1292.20
37171,1735.05
37173,46.32
37175,116.61
37177,50.42
37179,1481.32
37181,100.66
37183,5929.16
37185,51.70
37187,394.85
37189,113.78
37191,2362.95
37193,2397.98
37195,920.16
37197,1958.47
37199,253.60
38001,0.00
38003,1.74
38005,0.02
38015,88.22
38017,71.30
38019,0.01
38021,0.45
38025,0.02
38027,0.01
38029,20.63
38031,1.77
38035,1.67
38037,1.77
38039,1.18
38041,0.01
38045,0.86
38047,0.68
38053,0.00
38055,25.50
38057,0.02
38059,134.22
38063,0.01
38065,50.95
38067,0.00
38071,0.08
38073,2.35
38077,2.48
38081,5.04
38085,0.00
38089,0.09
38091,0.03
38093,6.37
38095,0.01
38097,2.55
38099,0.27
38103,0.00
38105,0.01
39001,19.43
39003,9978.11
39005,982.13
39007,1893.85
39009,3163.36
39011,2116.58
39013,2868.17
39015,585.71
39017,18817.74
39019,6238.24
39021,11492.90
39023,23801.64
39025,4957.27
39027,2768.74
39029,17248.91
39031,4099.51
39033,451.94
39035,18430.97
39037,9853.51
39039,4752.77
39041,3268.48
39043,1548.10
39045,3379.10
39047,657.33
39049,10979.58
39051,4878.44
39053,1414.01
39055,7280.34
39057,25122.47
39059,874.31
39061,44727.76
39063,995.08
39065,983.43
39067,1092.04
39069,2951.20
39071,29.63
39073,250.10
39075,3629.90
39077,900.55
39079,128.31
39081,6842.81
39083,2048.50
39085,7983.92
39087,5328.13
39089,14016.96
39091,1201.65
39093,6022.11
39095,10679.17
39097,3174.16
39099,17500.12
39101,851.22
39103,4410.20
39105,1314.49
39107,1122.41
39109,59240.41
39111,4314.12
39113,101372.28
39115,7031.29
39117,471.69
39119,3956.13
39121,3603.73
39123,2470.60
39125,2206.98
39127,2808.78
39129,1597.00
39131,252.90
39133,8007.12
39135,21897.02
39137,2319.09
39139,964.94
39141,290.04
39143,1319.83
39145,329.88
39147,1128.66
39149,7428.83
39151,19374.68
39153,12809.60
39155,34651.70
39157,7791.13
39159,3755.85
39161,1485.71
39163,61.68
39165,14953.57
39167,17443.21
39169,3569.04
39171,1571.23
39173,1991.30
39175,2700.51
40001,459.26
40003,2.37
40005,4.61
40007,53.16
40011,0.07
40013,219.87
40015,10.52
40017,673.44
40019,308.39
40021,115.13
40023,350.13
40027,2070.70
40029,2.12
40031,59.19
40033,812.04
40035,121.31
40037,7936.85
40039,0.18
40041,210.68
40043,1.04
40045,9.65
40047,198.05
40049,88.72
40051,212.92
40053,426.48
40059,8.79
40061,24.25
40063,2.57
40065,13.97
40067,26.92
40069,71.79
40071,15705.62
40073,86.48
40075,22.70
40077,0.30
40079,135.31
40081,168.17
40083,650.01
40085,82.84
40087,478.73
40089,1331.34
40091,46.45
40093,1.95
40095,184.68
40097,716.74
40099,168.89
40101,732.39
40103,2483.76
40105,218.20
40107,22.83
40109,8481.67
40111,1404.31
40113,3329.80
40115,898.42
40117,921.43
40119,15.27
40121,9.21
40123,18.83
40125,252.38
40127,158.58
40129,2.25
40131,7662.55
40133,3.96
40135,75.43
40137,7.77
40139,29.04
40141,435.38
40143,35314.16
40145,5724.56
40147,2879.43
40149,0.05
40151,0.25
40153,40.08
41001,119.05
41003,4294.29
41005,15693.50
41007,568.77
41009,13416.77
41011,169.44
41013,65.52
41015,1.78
41017,395.39
41019,924.00
41021,1.75
41023,42.52
41025,0.04
41027,131.52
41029,1527.66
41031,18.12
41033,99.99
41035,862.31
41037,41.47
41039,1906.74
41041,156.24
41043,10781.61
41045,0.21
41047,3634.62
41049,42.10
41051,51867.26
41053,1855.70
41055,35.79
41057,30.72
41059,351.38
41061,469.01
41063,110.54
41065,146.46
41067,19793.88
41071,2822.95
42001,5844.61
42003,18991.50
42005,1637.63
42007,18092.31
42009,218.47
42011,86076.04
42013,3871.25
42015,625.17
42017,7901.31
42019,7501.90
42021,493.35
42023,1432.16
42025,658.85
42027,972.40
42029,26592.95
42031,1054.80
42033,463.04
42035,557.73
42037,1891.42
42039,2353.08
42041,3293.47
42043,6439.65
42045,10301.89
42047,3407.81
42049,25104.53
42051,2625.04
42053,1249.97
42055,3751.00
42057,2694.83
42059,2125.56
42061,659.00
42063,672.67
42065,870.35
42067,1836.37
42069,947.10
42071,38987.97
42073,10945.38
42075,10933.62
42077,12073.81
42079,1181.31
42081,1190.32
42083,3125.23
42085,6249.89
42087,1483.93
42089,1016.43
42091,20454.08
42093,5744.47
42095,8788.92
42097,9163.27
42099,1104.40
42101,17696.09
42103,77.44
42105,336.63
42107,9033.93
42109,1094.96
42111,606.70
42113,359.84
42115,271.40
42117,23.34
42119,1811.44
42121,5626.92
42123,5546.36
42125,10926.10
42127,120.96
42129,4749.03
42131,497.21
42133,54063.47
44001,1873.73
44003,1127.25
44005,405.90
44007,2913.91
44009,174.97
45001,294.47
45003,3076.68
45005,493.15
45007,2305.13
45009,506.19
45011,1378.00
45013,266.87
45015,6485.15
45017,1325.28
45019,5794.00
45021,2538.45
45023,6723.65
45025,3635.75
45027,508.89
45029,997.99
45031,4861.63
45033,1389.69
45035,2496.47
45037,1335.41
45039,8132.43
45041,877.39
45043,393.50
45045,8698.65
45047,376.14
45049,914.16
45051,57.95
45053,601.96
45055,791.51
45057,1989.24
45059,1985.87
45061,647.29
45063,3116.83
45065,309.04
45067,248.31
45069,6384.44
45071,5717.19
45073,1157.87
45075,798.05
45077,1127.26
45079,4636.78
45081,1028.39
45083,10294.21
45085,1015.42
45087,2742.37
45089,470.33
45091,5936.77
46003,40.79
46005,1.36
46009,33.85
46011,725.51
46013,7.32
46015,0.39
46023,0.44
46025,2.69
46027,185.93
46029,62.31
46031,0.00
46033,15.30
46035,1127.20
46037,2.40
46039,60.09
46043,28.67
46045,1.02
46047,0.72
46049,1.23
46051,5.15
46053,0.23
46057,54.61
46059,0.12
46061,281.35
46067,42.85
46073,25.58
46077,26.76
46079,41.39
46081,70.91
46083,117.01
46087,45.42
46089,1.07
46091,0.44
46093,46.75
46097,42.87
46099,13.31
46101,139.17
46103,86.66
46105,0.00
46109,0.78
46111,165.53
46113,2.50
46115,0.90
46125,42.16
46127,57.96
46135,913.09
47001,250.02
47003,51.18
47005,226.72
47007,547.01
47009,1032.71
47011,17399.10
47013,33.35
47015,32.71
47017,1126.69
47019,4897.23
47021,2837.19
47023,384.40
47025,23.49
47027,33.47
47029,247.06
47031,23.69
47033,669.25
47035,1022.89
47037,18351.88
47039,31.44
47041,67.77
47043,147.73
47045,243.96
47047,1243.86
47049,131.44
47051,67.63
47053,963.81
47055,3190.84
47057,263.95
47059,26563.35
47061,168.03
47063,789.07
47065,13251.52
47067,1680.87
47069,138.86
47071,208.88
47073,20894.44
47075,758.47
47077,322.31
47079,358.11
47081,33.00
47083,100.32
47085,268.63
47087,75.08
47089,641.35
47091,338.46
47093,3039.84
47095,155.72
47097,1621.12
47099,956.18
47101,254.18
47103,401.20
47105,2578.82
47107,13044.57
47109,186.50
47111,337.37
47113,2005.41
47115,1213.09
47117,344.60
47119,435.17
47121,5232.25
47123,2458.15
47125,52.45
47127,21.34
47129,258.18
47131,21.24
47133,158.70
47135,19.48
47137,0.54
47139,5667.51
47141,611.61
47143,2075.19
47145,618.14
47147,9613.27
47149,1353.62
47151,7.23
47153,1649.10
47155,456.29
47157,8686.51
47159,133.32
47161,41.67
47163,50796.01
47165,19733.97
47167,4360.31
47169,2202.79
47171,5741.59
47173,230.03
47175,83.85
47177,18.97
47179,28044.90
47181,59.31
47183,229.57
47185,214.12
47187,1762.55
47189,4694.17
48001,144.41
48003,16.56
48005,13426.46
48007,1891.08
48009,430.56
48011,2894.54
48013,471.61
48015,498.36
48017,0.00
48019,41.32
48021,39.30
48023,53.97
48025,768.37
48027,910.64
48029,1159.93
48031,17.65
48033,16.39
48035,219.43
48037,673.68
48039,13925.01
48041,691.83
48047,436.84
48049,15.18
48051,163.73
48053,2.87
48055,60.07
48057,8727.03
48059,13.97
48061,304.80
48063,147.07
48065,6437.93
48067,341.90
48069,0.22
48071,9018.65
48073,1102.13
48077,305.44
48081,14.62
48083,2.79
48085,1204.76
48089,7.05
48091,392.97
48093,0.67
48095,5.23
48097,25.88
48099,119.17
48103,18.29
48107,0.06
48111,3.37
48113,20239.32
48115,9.68
48117,170.82
48119,49.73
48121,2629.30
48123,1393.91
48129,589.95
48131,462.27
48133,0.74
48135,489.93
48137,0.00
48139,2117.65
48141,798.54
48143,0.37
48145,364.22
48147,25.88
48149,0.53
48151,1.80
48153,0.02
48155,15.14
48157,5031.83
48159,13.41
48161,98.41
48163,22.18
48165,2.25
48167,13765.68
48169,0.01
48171,7.75
48173,8.93
48175,5185.67
48177,12.68
48179,7668.51
48181,279.00
48183,19531.34
48185,3182.40
48187,392.15
48189,0.04
48193,0.35
48195,61.69
48197,24.11
48199,3246.81
48201,68122.19
48203,3140.05
48205,5.32
48209,403.28
48211,479.16
48213,60.91
48215,46.60
48217,414.89
48219,0.03
48221,54.08
48223,136.09
48225,646.73
48227,157.65
48229,24.89
48231,33.35
48233,1960.63
48235,13.88
48237,1.47
48239,1489.36
48241,5816.52
48245,26742.36
48249,1177.18
48251,998.17
48253,51.83
48255,123.00
48257,400.12
48259,43.15
48261,225.63
48263,0.00
48265,89.26
48267,15.07
48271,0.00
48273,2095.55
48275,8.58
48277,187.12
48279,0.02
48281,0.69
48285,65.74
48287,134.44
48289,108.41
48291,4738.33
48293,120.61
48295,3.73
48297,3372.72
48299,1.89
48303,0.40
48305,0.04
48307,13.53
48309,2447.48
48311,785.48
48313,14.43
48315,719.53
48317,13.75
48319,1.88
48321,748.16
48323,0.00
48325,121.35
48327,1.72
48329,82.46
48331,265.46
48333,1.56
48335,7.50
48337,0.89
48339,6686.88
48341,698.89
48343,256.97
48347,3719.40
48349,70.67
48351,2312.14
48353,9.44
48355,16170.05
48357,97.00
48359,655.04
48361,43751.30
48363,2.66
48365,516.29
48367,211.74
48369,0.00
48373,788.17
48375,18487.35
48379,44.32
48381,2591.53
48383,0.00
48387,851.89
48391,7789.60
48393,1703.68
48395,10.15
48397,705.05
48399,13.87
48401,1036.09
48403,40.17
48405,663.75
48407,97.12
48409,10555.31
48411,5.04
48413,7.04
48415,0.84
48417,13.80
48419,54.57
48421,21.00
48423,1038.03
48425,33.72
48427,23.09
48429,0.13
48431,8.12
48433,0.00
48437,0.35
48439,10840.42
48441,96.95
48445,0.02
48447,0.03
48449,28.02
48451,43.78
48453,249.67
48455,1836.25
48457,1065.72
48459,2531.15
48461,17.46
48465,0.00
48467,42.03
48469,46489.48
48471,89.99
48473,6009.92
48475,2.05
48477,649.45
48479,21.61
48481,133.74
48483,785.90
48485,2490.00
48487,167.76
48489,14.94
48491,104.17
48493,141.21
48495,3.79
48497,158.84
48499,265.08
48501,2.31
48503,0.73
48505,4.78
49003,12673.96
49005,402.09
49007,0.25
49011,42829.32
49015,0.00
49019,530.96
49021,0.02
49023,7.37
49027,0.00
49029,3287.64
49033,11.97
49035,55371.85
49039,3.60
49041,0.00
49043,452.02
49045,13117.87
49049,3400.30
49051,380.96
49053,0.09
49057,2688.51
50001,36.36
50003,63.89
50005,77.85
50007,1.56
50009,63.83
50011,1.87
50013,1.81
50015,0.26
50017,29.62
50019,2.51
50021,56.05
50023,8.21
50025,487.92
50027,1172.58
51001,2.58
51003,272.96
51005,418.64
51007,173.16
51009,1051.51
51011,333.51
51013,60.16
51015,539.22
51017,96.51
51019,569.03
51021,6399.68
51023,2302.03
51025,79.80
51027,0.90
51029,82.94
51031,814.84
51033,2568.31
51035,7683.90
51036,1889.50
51037,201.70
51041,2008.29
51043,23979.10
51045,18893.56
51047,69.95
51049,11.95
51051,2.65
51053,441.10
51057,44543.73
51059,31.08
51061,487.76
51063,59340.27
51065,46.94
51067,9931.05
51069,24151.78
51071,48025.54
51073,786.58
51075,432.57
51077,157.74
51079,173.91
51081,558.06
51083,559.43
51085,2666.11
51087,5107.57
51089,550.28
51091,7.53
51093,8626.33
51095,1021.91
51097,10012.51
51099,1657.42
51101,7365.15
51103,2173.73
51105,2070.57
51107,6494.17
51109,94.42
51111,11.44
51113,13.36
51115,485.29
51117,103.58
51119,2645.84
51121,204648.53
51125,453.54
51127,3267.25
51131,1573.54
51133,1765.94
51135,3.85
51137,76.65
51139,32.30
51141,3108.03
51143,481.33
51145,491.82
51147,25.85
51149,1578.51
51153,165.01
51155,71653.11
51157,6.79
51159,18609.81
51161,41166.51
51163,467.69
51165,171.48
51167,2237.52
51169,11598.22
51171,303.58
51173,28.80
51175,2794.80
51177,619.71
51179,1254.99
51181,1810.21
51183,1581.19
51185,6.13
51187,2591.76
51191,5015.38
51193,7741.96
51195,1723.32
51197,6524.74
51199,2430.77
51510,46.07
51515,551.23
51520,17376.80
51530,547.67
51540,167.84
51550,9845.81
51570,2177.25
51580,982.63
51590,1490.80
51595,2736.35
51600,10.18
51610,52.09
51620,61979.74
51630,8869.84
51640,236.20
51650,17458.80
51660,329.82
51670,32886.55
51678,471.56
51680,598.96
51683,59.91
51685,43.75
51690,508.45
51700,16671.53
51710,90580.00
51720,4435.62
51730,1835.25
51735,6347.53
51740,57257.95
51750,289798.04
51760,35908.53
51770,6463.51
51775,49564.88
51790,699.63
51800,5266.49
51810,6042.28
51820,3144.28
51830,835.88
51840,27489.84
53001,0.54
53003,95.40
53005,190.43
53007,12.61
53009,12.18
53011,20488.85
53013,0.04
53015,28411.28
53017,8.70
53019,0.08
53021,167.36
53023,77.73
53025,2.47
53027,47.90
53029,1062.36
53031,320.19
53033,1689.65
53035,2417.69
53037,2.64
53039,63.10
53041,1478.18
53043,11.30
53045,224.06
53049,163.15
53051,25.84
53053,366.69
53055,205.79
53057,935.73
53059,1280.42
53061,1877.83
53063,1426.75
53065,10.65
53067,236.10
53069,4507.44
53071,1021.82
53073,2530.29
53075,131.79
53077,317.00
54001,889.48
54003,168867.47
54005,386.64
54007,1365.84
54009,14684.04
54011,9997.06
54013,180.72
54015,153.41
54017,415.51
54019,251.06
54021,367.42
54023,306.53
54025,81.74
54027,4533.29
54029,15702.79
54031,159.09
54033,1768.89
54035,799.75
54037,52022.29
54039,2421.71
54041,768.18
54043,1911.04
54045,101.93
54047,2.84
54049,12275.63
54051,9566.55
54053,1459.89
54055,4551.38
54057,1857.84
54059,1.43
54061,10658.39
54063,15997.13
54065,21791.87
54067,82.90
54069,3555.38
54071,3.11
54073,18815.10
54075,26.54
54077,1846.44
54079,2196.39
54081,118.90
54083,17.54
54085,1834.62
54087,95.00
54089,2092.30
54091,3213.77
54093,220.66
54095,1955.20
54097,281.19
54099,1454.47
54101,137.15
54103,2293.47
54105,2141.03
54107,11550.49
54109,31.27
55001,209.82
55003,113.58
55005,83.12
55007,46.00
55009,7839.25
55011,101.39
55013,35.59
55015,7051.60
55017,2038.10
55019,750.75
55021,1975.89
55023,20.50
55025,590.99
55027,24679.23
55029,967.57
55031,40.72
55033,418.90
55035,1088.70
55037,75.58
55039,36676.10
55041,24.63
55043,497.96
55045,6238.33
55047,6600.36
55049,181.63
55051,206.44
55053,84.96
55055,3459.19
55057,1316.75
55059,4099.68
55061,319.79
55063,30.45
55065,610.81
55067,335.76
55069,1856.10
55071,1246.98
55073,6655.85
55075,1676.60
55077,540.51
55078,243.70
55079,16432.87
55081,214.53
55083,797.42
55085,503.66
55087,13619.99
55089,3527.27
55091,401.88
55093,945.55
55095,94.99
55097,728.29
55099,829.70
55101,8422.90
55103,43.81
55105,11326.59
55107,155.47
55109,1121.63
55111,112.48
55113,253.22
55115,1132.22
55117,1790.32
55119,358.92
55121,94.56
55123,96.75
55125,42.03
55127,8222.58
55129,147.59
55131,6996.54
55133,23725.87
55135,2202.14
55137,518.26
55139,11414.05
55141,4281.66
56001,0.69
56003,1.90
56005,22.06
56007,32.66
56009,15.40
56011,0.33
56015,14.55
56017,0.67
56019,7.84
56021,13.62
56023,48.77
56025,34.61
56027,0.61
56029,0.39
56037,9.84
56041,1.69
56043,3.64
56045,2.82
